Speaker	Language	Village	District	Lexeme	Present	Code
Mikik1	Tsakhur	Mikik	Rutul	the_ant	1	5
Mikik2	Tsakhur	Mikik	Rutul	the_ant	1	5
Ikhrek1	Rutul	Ikhrek	Rutul	the_axe.ax	1	1
Ikhrek2	Rutul	Ikhrek	Rutul	the_axe.ax	1	1
Ikhrek3	Rutul	Ikhrek	Rutul	the_axe.ax	1	1
Ikhrek4	Rutul	Ikhrek	Rutul	the_axe.ax	1	1
Kiche1	Rutul	Kiche	Rutul	the_axe.ax	1	1
Kiche2	Rutul	Kiche	Rutul	the_axe.ax	1	1
Kina1	Rutul	Kina	Rutul	the_axe.ax	1	1
Kina2	Rutul	Kina	Rutul	the_axe.ax	1	1
Kina3	Rutul	Kina	Rutul	the_axe.ax	1	1
Rutul1	Rutul	Rutul	Rutul	the_axe.ax	1	1
Zilo1	Andi	Zilo	Botlikh	the_axe.ax	1	1
Ikhrek1	Rutul	Ikhrek	Rutul	the_beak_	1	22
Ikhrek2	Rutul	Ikhrek	Rutul	the_beak_	1	22
Ikhrek3	Rutul	Ikhrek	Rutul	the_beak_	1	22
Ikhrek4	Rutul	Ikhrek	Rutul	the_beak_	1	22
Khlut1	Lezgian	Khlyut	Rutul	the_beak_	1	22
Khlut2	Lezgian	Khlyut	Rutul	the_beak_	1	22
Khlut4	Lezgian	Khlyut	Rutul	the_beak_	1	22
Khlut5	Lezgian	Khlyut	Rutul	the_beak_	1	22
Kiche1	Rutul	Kiche	Rutul	the_beak_	1	22
Kiche2	Rutul	Kiche	Rutul	the_beak_	1	22
Kina1	Rutul	Kina	Rutul	the_beak_	1	22
Kina2	Rutul	Kina	Rutul	the_beak_	1	22
Kina3	Rutul	Kina	Rutul	the_beak_	1	22
Mikik1	Tsakhur	Mikik	Rutul	the_beak_	1	22
Mikik2	Tsakhur	Mikik	Rutul	the_beak_	1	22
Rutul1	Rutul	Rutul	Rutul	the_beak_	1	22
Helmets1	Tsakhur	Gelmets	Rutul	the_beard	1	5
Helmets2	Tsakhur	Gelmets	Rutul	the_beard	1	5
Helmets3	Tsakhur	Gelmets	Rutul	the_beard	1	5
Mikik1	Tsakhur	Mikik	Rutul	the_beard	1	5
Mikik2	Tsakhur	Mikik	Rutul	the_beard	1	5
Bezhta1	Bezhta	Bezhta	Tsunta	the_blanket	1	3
Helmets1	Tsakhur	Gelmets	Rutul	the_blanket	1	3
Helmets2	Tsakhur	Gelmets	Rutul	the_blanket	1	3
Helmets3	Tsakhur	Gelmets	Rutul	the_blanket	1	3
Ikhrek1	Rutul	Ikhrek	Rutul	the_blanket	1	3
Ikhrek2	Rutul	Ikhrek	Rutul	the_blanket	1	3
Ikhrek3	Rutul	Ikhrek	Rutul	the_blanket	1	3
Ikhrek4	Rutul	Ikhrek	Rutul	the_blanket	1	3
Karata1	Karata	Karata	Akhvakh	the_blanket	1	3
Karata2	Karata	Karata	Akhvakh	the_blanket	1	3
Karata3	Karata	Karata	Akhvakh	the_blanket	1	3
Khlut1	Lezgian	Khlyut	Rutul	the_blanket	1	3
Khlut2	Lezgian	Khlyut	Rutul	the_blanket	1	3
Khlut4	Lezgian	Khlyut	Rutul	the_blanket	1	3
Khlut5	Lezgian	Khlyut	Rutul	the_blanket	1	3
Kiche1	Rutul	Kiche	Rutul	the_blanket	1	3
Kiche2	Rutul	Kiche	Rutul	the_blanket	1	3
Kina1	Rutul	Kina	Rutul	the_blanket	1	3
Kina3	Rutul	Kina	Rutul	the_blanket	1	3
Mikik1	Tsakhur	Mikik	Rutul	the_blanket	1	3
Rikvani1	Andi	Rikvani	Botlikh	the_blanket	1	3
Rutul1	Rutul	Rutul	Rutul	the_blanket	1	3
Tukita1	Karata	Tukita	Akhvakh	the_blanket	1	3
Zilo1	Andi	Zilo	Botlikh	the_blanket	1	3
Tlibisho1	Bagvalal	Tlibisho	Akhvakh	the_blanket	1	3
Tlibisho3	Bagvalal	Tlibisho	Akhvakh	the_blanket	1	3
Tlibisho4	Bagvalal	Tlibisho	Akhvakh	the_blanket	1	3
Helmets1	Tsakhur	Gelmets	Rutul	the_blister	1	8
Helmets3	Tsakhur	Gelmets	Rutul	the_blister	1	8
Mikik2	Tsakhur	Mikik	Rutul	the_blister	1	8
Kusur1	Avar	Kusur	Rutul	the_blister	1	8
Ikhrek1	Rutul	Ikhrek	Rutul	the_boar	1	2
Ikhrek2	Rutul	Ikhrek	Rutul	the_boar	1	2
Ikhrek3	Rutul	Ikhrek	Rutul	the_boar	1	2
Kiche1	Rutul	Kiche	Rutul	the_boar	1	2
Kina2	Rutul	Kina	Rutul	the_boar	1	2
Kina3	Rutul	Kina	Rutul	the_boar	1	2
Helmets1	Tsakhur	Gelmets	Rutul	the_body_	1	13
Helmets2	Tsakhur	Gelmets	Rutul	the_body_	1	13
Helmets3	Tsakhur	Gelmets	Rutul	the_body_	1	13
Ikhrek1	Rutul	Ikhrek	Rutul	the_body_	1	13
Ikhrek2	Rutul	Ikhrek	Rutul	the_body_	1	13
Ikhrek3	Rutul	Ikhrek	Rutul	the_body_	1	13
Khlut1	Lezgian	Khlyut	Rutul	the_body_	1	13
Khlut2	Lezgian	Khlyut	Rutul	the_body_	1	13
Khlut3	Lezgian	Khlyut	Rutul	the_body_	1	13
Khlut4	Lezgian	Khlyut	Rutul	the_body_	1	13
Khlut5	Lezgian	Khlyut	Rutul	the_body_	1	13
Kiche2	Rutul	Kiche	Rutul	the_body_	1	13
Kina3	Rutul	Kina	Rutul	the_body_	1	13
Mikik1	Tsakhur	Mikik	Rutul	the_body_	1	13
Mikik2	Tsakhur	Mikik	Rutul	the_body_	1	13
Rutul1	Rutul	Rutul	Rutul	the_body_	1	13
Karata1	Karata	Karata	Akhvakh	the_body_	1	14
Karata3	Karata	Karata	Akhvakh	the_body_	1	14
Karata4	Karata	Karata	Akhvakh	the_body_	1	14
Tad-Magitl1	Akhvakh	Tad-Magitl	Akhvakh	the_body_	1	14
Tad-Magitl2	Akhvakh	Tad-Magitl	Akhvakh	the_body_	1	14
Tukita1	Karata	Tukita	Akhvakh	the_body_	1	14
Tlibisho1	Bagvalal	Tlibisho	Akhvakh	the_body_	1	14
Tlibisho2	Bagvalal	Tlibisho	Akhvakh	the_body_	1	14
Tlibisho3	Bagvalal	Tlibisho	Akhvakh	the_body_	1	14
Tlibisho4	Bagvalal	Tlibisho	Akhvakh	the_body_	1	14
Bezhta1	Bezhta	Bezhta	Tsunta	the_bottle	1	5
Helmets3	Tsakhur	Gelmets	Rutul	the_bottle	1	5
Ikhrek1	Rutul	Ikhrek	Rutul	the_bottle	1	5
Ikhrek2	Rutul	Ikhrek	Rutul	the_bottle	1	5
Ikhrek3	Rutul	Ikhrek	Rutul	the_bottle	1	5
Ikhrek4	Rutul	Ikhrek	Rutul	the_bottle	1	5
Karata1	Karata	Karata	Akhvakh	the_bottle	1	5
Karata2	Karata	Karata	Akhvakh	the_bottle	1	5
Karata3	Karata	Karata	Akhvakh	the_bottle	1	5
Karata4	Karata	Karata	Akhvakh	the_bottle	1	5
Khlut1	Lezgian	Khlyut	Rutul	the_bottle	1	5
Khlut2	Lezgian	Khlyut	Rutul	the_bottle	1	5
Khlut3	Lezgian	Khlyut	Rutul	the_bottle	1	5
Khlut5	Lezgian	Khlyut	Rutul	the_bottle	1	5
Kiche1	Rutul	Kiche	Rutul	the_bottle	1	5
Kiche2	Rutul	Kiche	Rutul	the_bottle	1	5
Kidero1	Tsez	Kidero	Tsunta	the_bottle	1	5
Kidero2	Tsez	Kidero	Tsunta	the_bottle	1	5
Kidero3	Tsez	Kidero	Tsunta	the_bottle	1	5
Kina1	Rutul	Kina	Rutul	the_bottle	1	5
Kina2	Rutul	Kina	Rutul	the_bottle	1	5
Kina3	Rutul	Kina	Rutul	the_bottle	1	5
Rutul1	Rutul	Rutul	Rutul	the_bottle	1	5
Tad-Magitl2	Akhvakh	Tad-Magitl	Akhvakh	the_bottle	1	5
Tukita1	Karata	Tukita	Akhvakh	the_bottle	1	5
Tlibisho1	Bagvalal	Tlibisho	Akhvakh	the_bottle	1	5
Tlibisho2	Bagvalal	Tlibisho	Akhvakh	the_bottle	1	5
Tlibisho3	Bagvalal	Tlibisho	Akhvakh	the_bottle	1	5
Tlibisho4	Bagvalal	Tlibisho	Akhvakh	the_bottle	1	5
Zilo1	Andi	Zilo	Botlikh	the_boundary	1	1
Zilo2	Andi	Zilo	Botlikh	the_boundary	1	1
Helmets1	Tsakhur	Gelmets	Rutul	the_boundary	1	2
Helmets2	Tsakhur	Gelmets	Rutul	the_boundary	1	2
Helmets3	Tsakhur	Gelmets	Rutul	the_boundary	1	2
Ikhrek1	Rutul	Ikhrek	Rutul	the_boundary	1	2
Ikhrek2	Rutul	Ikhrek	Rutul	the_boundary	1	2
Ikhrek3	Rutul	Ikhrek	Rutul	the_boundary	1	2
Ikhrek4	Rutul	Ikhrek	Rutul	the_boundary	1	2
Khlut1	Lezgian	Khlyut	Rutul	the_boundary	1	2
Khlut2	Lezgian	Khlyut	Rutul	the_boundary	1	2
Khlut3	Lezgian	Khlyut	Rutul	the_boundary	1	2
Khlut4	Lezgian	Khlyut	Rutul	the_boundary	1	2
Khlut5	Lezgian	Khlyut	Rutul	the_boundary	1	2
Kiche1	Rutul	Kiche	Rutul	the_boundary	1	2
Kiche2	Rutul	Kiche	Rutul	the_boundary	1	2
Kina1	Rutul	Kina	Rutul	the_boundary	1	2
Kina2	Rutul	Kina	Rutul	the_boundary	1	2
Kina3	Rutul	Kina	Rutul	the_boundary	1	2
Mikik1	Tsakhur	Mikik	Rutul	the_boundary	1	2
Rutul1	Rutul	Rutul	Rutul	the_boundary	1	2
Kusur1	Avar	Kusur	Rutul	the_boundary	1	2
Mikik1	Tsakhur	Mikik	Rutul	the_boundary_	1	15
Ikhrek1	Rutul	Ikhrek	Rutul	the_bow	1	5
Ikhrek2	Rutul	Ikhrek	Rutul	the_bow	1	5
Ikhrek3	Rutul	Ikhrek	Rutul	the_bow	1	5
Kiche1	Rutul	Kiche	Rutul	the_bow	1	5
Kiche2	Rutul	Kiche	Rutul	the_bow	1	5
Kina1	Rutul	Kina	Rutul	the_bow	1	5
Kina2	Rutul	Kina	Rutul	the_bow	1	5
Kina3	Rutul	Kina	Rutul	the_bow	1	5
Mikik2	Tsakhur	Mikik	Rutul	the_bow	1	5
Kusur1	Avar	Kusur	Rutul	the_bow	1	5
Helmets1	Tsakhur	Gelmets	Rutul	the_bracelet_	1	11
Mikik1	Tsakhur	Mikik	Rutul	the_bracelet_	1	11
Mikik2	Tsakhur	Mikik	Rutul	the_bracelet_	1	11
Kidero3	Tsez	Kidero	Tsunta	the_bracelet_	1	30
Karata1	Karata	Karata	Akhvakh	the_bucket	1	6
Karata2	Karata	Karata	Akhvakh	the_bucket	1	6
Karata3	Karata	Karata	Akhvakh	the_bucket	1	6
Karata4	Karata	Karata	Akhvakh	the_bucket	1	6
Rutul1	Rutul	Rutul	Rutul	the_bucket	1	6
Tad-Magitl1	Akhvakh	Tad-Magitl	Akhvakh	the_bucket	1	6
Tad-Magitl2	Akhvakh	Tad-Magitl	Akhvakh	the_bucket	1	6
Tukita1	Karata	Tukita	Akhvakh	the_bucket	1	6
Tlibisho1	Bagvalal	Tlibisho	Akhvakh	the_bucket	1	6
Tlibisho2	Bagvalal	Tlibisho	Akhvakh	the_bucket	1	6
Tlibisho3	Bagvalal	Tlibisho	Akhvakh	the_bucket	1	6
Mikik1	Tsakhur	Mikik	Rutul	the_butterfly	1	3
Mikik2	Tsakhur	Mikik	Rutul	the_butterfly	1	3
Bezhta1	Bezhta	Bezhta	Tsunta	the_cattle	1	5
Mikik1	Tsakhur	Mikik	Rutul	the_cattle	1	5
Helmets1	Tsakhur	Gelmets	Rutul	the_cattle	1	7
Ikhrek2	Rutul	Ikhrek	Rutul	the_cattle	1	7
Ikhrek3	Rutul	Ikhrek	Rutul	the_cattle	1	7
Khlut1	Lezgian	Khlyut	Rutul	the_cattle	1	7
Khlut4	Lezgian	Khlyut	Rutul	the_cattle	1	7
Khlut5	Lezgian	Khlyut	Rutul	the_cattle	1	7
Kina3	Rutul	Kina	Rutul	the_cattle	1	7
Mikik1	Tsakhur	Mikik	Rutul	the_cattle	1	7
Mikik2	Tsakhur	Mikik	Rutul	the_cattle	1	7
Ikhrek3	Rutul	Ikhrek	Rutul	the_cattle_	1	22
Ikhrek4	Rutul	Ikhrek	Rutul	the_cattle_	1	22
Khlut2	Lezgian	Khlyut	Rutul	the_cattle_	1	22
Kiche2	Rutul	Kiche	Rutul	the_cattle_	1	22
Kina1	Rutul	Kina	Rutul	the_cattle_	1	22
Kina2	Rutul	Kina	Rutul	the_cattle_	1	22
Mikik1	Tsakhur	Mikik	Rutul	the_cattle_	1	22
Bezhta1	Bezhta	Bezhta	Tsunta	the_cave	1	9
Tlibisho3	Bagvalal	Tlibisho	Akhvakh	the_cave	1	9
Tlibisho4	Bagvalal	Tlibisho	Akhvakh	the_cave	1	9
Kusur1	Avar	Kusur	Rutul	the_cave	1	9
Helmets2	Tsakhur	Gelmets	Rutul	the_clan	1	6
Helmets1	Tsakhur	Gelmets	Rutul	the_clothing_or_clothes	1	3
Helmets3	Tsakhur	Gelmets	Rutul	the_clothing_or_clothes	1	3
Khlut4	Lezgian	Khlyut	Rutul	the_clothing_or_clothes	1	3
Mikik1	Tsakhur	Mikik	Rutul	the_clothing_or_clothes	1	3
Mikik2	Tsakhur	Mikik	Rutul	the_clothing_or_clothes	1	3
Bezhta1	Bezhta	Bezhta	Tsunta	the_copper	1	8
Tlibisho4	Bagvalal	Tlibisho	Akhvakh	the_copper	1	8
Helmets2	Tsakhur	Gelmets	Rutul	the_corpse	1	9
Ikhrek1	Rutul	Ikhrek	Rutul	the_corpse	1	9
Ikhrek2	Rutul	Ikhrek	Rutul	the_corpse	1	9
Ikhrek3	Rutul	Ikhrek	Rutul	the_corpse	1	9
Ikhrek4	Rutul	Ikhrek	Rutul	the_corpse	1	9
Khlut1	Lezgian	Khlyut	Rutul	the_corpse	1	9
Khlut2	Lezgian	Khlyut	Rutul	the_corpse	1	9
Khlut3	Lezgian	Khlyut	Rutul	the_corpse	1	9
Khlut4	Lezgian	Khlyut	Rutul	the_corpse	1	9
Khlut5	Lezgian	Khlyut	Rutul	the_corpse	1	9
Kiche1	Rutul	Kiche	Rutul	the_corpse	1	9
Kiche2	Rutul	Kiche	Rutul	the_corpse	1	9
Kina2	Rutul	Kina	Rutul	the_corpse	1	9
Rutul1	Rutul	Rutul	Rutul	the_corpse	1	9
Kidero2	Tsez	Kidero	Tsunta	the_corpse_	1	16
Mikik1	Tsakhur	Mikik	Rutul	the_corpse_	1	20
Bezhta1	Bezhta	Bezhta	Tsunta	the_cross	1	4
Helmets1	Tsakhur	Gelmets	Rutul	the_cross	1	4
Helmets2	Tsakhur	Gelmets	Rutul	the_cross	1	4
Helmets3	Tsakhur	Gelmets	Rutul	the_cross	1	4
Ikhrek1	Rutul	Ikhrek	Rutul	the_cross	1	4
Ikhrek2	Rutul	Ikhrek	Rutul	the_cross	1	4
Ikhrek3	Rutul	Ikhrek	Rutul	the_cross	1	4
Ikhrek4	Rutul	Ikhrek	Rutul	the_cross	1	4
Khlut1	Lezgian	Khlyut	Rutul	the_cross	1	4
Khlut2	Lezgian	Khlyut	Rutul	the_cross	1	4
Khlut3	Lezgian	Khlyut	Rutul	the_cross	1	4
Khlut4	Lezgian	Khlyut	Rutul	the_cross	1	4
Khlut5	Lezgian	Khlyut	Rutul	the_cross	1	4
Kiche1	Rutul	Kiche	Rutul	the_cross	1	4
Kiche2	Rutul	Kiche	Rutul	the_cross	1	4
Kidero1	Tsez	Kidero	Tsunta	the_cross	1	4
Kidero2	Tsez	Kidero	Tsunta	the_cross	1	4
Kina1	Rutul	Kina	Rutul	the_cross	1	4
Kina2	Rutul	Kina	Rutul	the_cross	1	4
Kina3	Rutul	Kina	Rutul	the_cross	1	4
Mikik1	Tsakhur	Mikik	Rutul	the_cross	1	4
Mikik2	Tsakhur	Mikik	Rutul	the_cross	1	4
Rikvani1	Andi	Rikvani	Botlikh	the_cross	1	4
Rutul1	Rutul	Rutul	Rutul	the_cross	1	4
Tad-Magitl1	Akhvakh	Tad-Magitl	Akhvakh	the_cross	1	4
Tukita1	Karata	Tukita	Akhvakh	the_cross	1	4
Tlibisho1	Bagvalal	Tlibisho	Akhvakh	the_cross	1	4
Tlibisho2	Bagvalal	Tlibisho	Akhvakh	the_cross	1	4
Tlibisho3	Bagvalal	Tlibisho	Akhvakh	the_cross	1	4
Tlibisho4	Bagvalal	Tlibisho	Akhvakh	the_cross	1	4
Kusur1	Avar	Kusur	Rutul	the_cross	1	4
Ikhrek3	Rutul	Ikhrek	Rutul	the_cup_	1	12
Karata1	Karata	Karata	Akhvakh	the_cup_	1	12
Karata2	Karata	Karata	Akhvakh	the_cup_	1	12
Karata4	Karata	Karata	Akhvakh	the_cup_	1	12
Khlut4	Lezgian	Khlyut	Rutul	the_cup_	1	12
Tad-Magitl1	Akhvakh	Tad-Magitl	Akhvakh	the_cup_	1	12
Tad-Magitl2	Akhvakh	Tad-Magitl	Akhvakh	the_cup_	1	12
Tukita1	Karata	Tukita	Akhvakh	the_cup_	1	12
Helmets2	Tsakhur	Gelmets	Rutul	the_cup_	1	15
Khlut1	Lezgian	Khlyut	Rutul	the_cup_	1	15
Khlut5	Lezgian	Khlyut	Rutul	the_cup_	1	15
Kidero1	Tsez	Kidero	Tsunta	the_cup_	1	15
Khlut4	Lezgian	Khlyut	Rutul	the_cup_	1	16
Helmets1	Tsakhur	Gelmets	Rutul	the_debt	1	3
Helmets2	Tsakhur	Gelmets	Rutul	the_debt	1	3
Helmets3	Tsakhur	Gelmets	Rutul	the_debt	1	3
Ikhrek1	Rutul	Ikhrek	Rutul	the_debt	1	3
Ikhrek2	Rutul	Ikhrek	Rutul	the_debt	1	3
Ikhrek3	Rutul	Ikhrek	Rutul	the_debt	1	3
Ikhrek4	Rutul	Ikhrek	Rutul	the_debt	1	3
Khlut1	Lezgian	Khlyut	Rutul	the_debt	1	3
Khlut2	Lezgian	Khlyut	Rutul	the_debt	1	3
Khlut3	Lezgian	Khlyut	Rutul	the_debt	1	3
Khlut4	Lezgian	Khlyut	Rutul	the_debt	1	3
Khlut5	Lezgian	Khlyut	Rutul	the_debt	1	3
Kiche1	Rutul	Kiche	Rutul	the_debt	1	3
Kiche2	Rutul	Kiche	Rutul	the_debt	1	3
Kina1	Rutul	Kina	Rutul	the_debt	1	3
Kina2	Rutul	Kina	Rutul	the_debt	1	3
Kina3	Rutul	Kina	Rutul	the_debt	1	3
Mikik1	Tsakhur	Mikik	Rutul	the_debt	1	3
Mikik2	Tsakhur	Mikik	Rutul	the_debt	1	3
Rutul1	Rutul	Rutul	Rutul	the_debt	1	3
Helmets1	Tsakhur	Gelmets	Rutul	the_drum	1	7
Helmets2	Tsakhur	Gelmets	Rutul	the_drum	1	7
Helmets3	Tsakhur	Gelmets	Rutul	the_drum	1	7
Ikhrek1	Rutul	Ikhrek	Rutul	the_drum	1	7
Ikhrek2	Rutul	Ikhrek	Rutul	the_drum	1	7
Ikhrek3	Rutul	Ikhrek	Rutul	the_drum	1	7
Ikhrek4	Rutul	Ikhrek	Rutul	the_drum	1	7
Kiche1	Rutul	Kiche	Rutul	the_drum	1	7
Kina1	Rutul	Kina	Rutul	the_drum	1	7
Kina2	Rutul	Kina	Rutul	the_drum	1	7
Kina3	Rutul	Kina	Rutul	the_drum	1	7
Mikik1	Tsakhur	Mikik	Rutul	the_drum	1	7
Mikik2	Tsakhur	Mikik	Rutul	the_drum	1	7
Rutul1	Rutul	Rutul	Rutul	the_drum	1	7
Rikvani1	Andi	Rikvani	Botlikh	the_duck	1	4
Tad-Magitl2	Akhvakh	Tad-Magitl	Akhvakh	the_duck	1	4
Zilo1	Andi	Zilo	Botlikh	the_duck	1	4
Zilo2	Andi	Zilo	Botlikh	the_duck	1	4
Helmets1	Tsakhur	Gelmets	Rutul	the_dust	1	8
Helmets2	Tsakhur	Gelmets	Rutul	the_dust	1	8
Helmets3	Tsakhur	Gelmets	Rutul	the_dust	1	8
Ikhrek1	Rutul	Ikhrek	Rutul	the_dust	1	8
Ikhrek2	Rutul	Ikhrek	Rutul	the_dust	1	8
Ikhrek3	Rutul	Ikhrek	Rutul	the_dust	1	8
Ikhrek4	Rutul	Ikhrek	Rutul	the_dust	1	8
Khlut1	Lezgian	Khlyut	Rutul	the_dust	1	8
Khlut2	Lezgian	Khlyut	Rutul	the_dust	1	8
Khlut3	Lezgian	Khlyut	Rutul	the_dust	1	8
Khlut5	Lezgian	Khlyut	Rutul	the_dust	1	8
Kina1	Rutul	Kina	Rutul	the_dust	1	8
Kina2	Rutul	Kina	Rutul	the_dust	1	8
Kina3	Rutul	Kina	Rutul	the_dust	1	8
Mikik1	Tsakhur	Mikik	Rutul	the_dust	1	8
Mikik2	Tsakhur	Mikik	Rutul	the_dust	1	8
Helmets1	Tsakhur	Gelmets	Rutul	the_earring_	1	11
Helmets2	Tsakhur	Gelmets	Rutul	the_earring_	1	11
Helmets3	Tsakhur	Gelmets	Rutul	the_earring_	1	11
Mikik2	Tsakhur	Mikik	Rutul	the_earring_	1	11
Mikik2	Tsakhur	Mikik	Rutul	the_fairy_tale	1	6
Kina2	Rutul	Kina	Rutul	the_fairy_tale_	1	13
Helmets1	Tsakhur	Gelmets	Rutul	the_family	1	3
Helmets2	Tsakhur	Gelmets	Rutul	the_family	1	3
Helmets3	Tsakhur	Gelmets	Rutul	the_family	1	3
Ikhrek1	Rutul	Ikhrek	Rutul	the_family	1	3
Ikhrek2	Rutul	Ikhrek	Rutul	the_family	1	3
Ikhrek3	Rutul	Ikhrek	Rutul	the_family	1	3
Karata1	Karata	Karata	Akhvakh	the_family	1	3
Karata2	Karata	Karata	Akhvakh	the_family	1	3
Karata3	Karata	Karata	Akhvakh	the_family	1	3
Karata4	Karata	Karata	Akhvakh	the_family	1	3
Khlut1	Lezgian	Khlyut	Rutul	the_family	1	3
Khlut2	Lezgian	Khlyut	Rutul	the_family	1	3
Khlut3	Lezgian	Khlyut	Rutul	the_family	1	3
Khlut4	Lezgian	Khlyut	Rutul	the_family	1	3
Khlut5	Lezgian	Khlyut	Rutul	the_family	1	3
Kiche1	Rutul	Kiche	Rutul	the_family	1	3
Kiche2	Rutul	Kiche	Rutul	the_family	1	3
Kina1	Rutul	Kina	Rutul	the_family	1	3
Kina2	Rutul	Kina	Rutul	the_family	1	3
Kina3	Rutul	Kina	Rutul	the_family	1	3
Mikik1	Tsakhur	Mikik	Rutul	the_family	1	3
Mikik2	Tsakhur	Mikik	Rutul	the_family	1	3
Rikvani1	Andi	Rikvani	Botlikh	the_family	1	3
Rutul1	Rutul	Rutul	Rutul	the_family	1	3
Tad-Magitl1	Akhvakh	Tad-Magitl	Akhvakh	the_family	1	3
Tad-Magitl2	Akhvakh	Tad-Magitl	Akhvakh	the_family	1	3
Tukita1	Karata	Tukita	Akhvakh	the_family	1	3
Zilo1	Andi	Zilo	Botlikh	the_family	1	3
Zilo2	Andi	Zilo	Botlikh	the_family	1	3
Tlibisho1	Bagvalal	Tlibisho	Akhvakh	the_family	1	3
Tlibisho3	Bagvalal	Tlibisho	Akhvakh	the_family	1	3
Tlibisho4	Bagvalal	Tlibisho	Akhvakh	the_family	1	3
Kusur1	Avar	Kusur	Rutul	the_family	1	7
Ikhrek4	Rutul	Ikhrek	Rutul	the_family_	1	12
Bezhta1	Bezhta	Bezhta	Tsunta	the_firewood	1	6
Helmets1	Tsakhur	Gelmets	Rutul	the_fish	1	1
Helmets2	Tsakhur	Gelmets	Rutul	the_fish	1	1
Helmets3	Tsakhur	Gelmets	Rutul	the_fish	1	1
Ikhrek1	Rutul	Ikhrek	Rutul	the_fish	1	1
Ikhrek2	Rutul	Ikhrek	Rutul	the_fish	1	1
Ikhrek3	Rutul	Ikhrek	Rutul	the_fish	1	1
Ikhrek4	Rutul	Ikhrek	Rutul	the_fish	1	1
Khlut1	Lezgian	Khlyut	Rutul	the_fish	1	1
Khlut2	Lezgian	Khlyut	Rutul	the_fish	1	1
Khlut4	Lezgian	Khlyut	Rutul	the_fish	1	1
Khlut5	Lezgian	Khlyut	Rutul	the_fish	1	1
Kiche1	Rutul	Kiche	Rutul	the_fish	1	1
Kiche2	Rutul	Kiche	Rutul	the_fish	1	1
Kina1	Rutul	Kina	Rutul	the_fish	1	1
Kina2	Rutul	Kina	Rutul	the_fish	1	1
Kina3	Rutul	Kina	Rutul	the_fish	1	1
Mikik1	Tsakhur	Mikik	Rutul	the_fish	1	1
Mikik2	Tsakhur	Mikik	Rutul	the_fish	1	1
Rutul1	Rutul	Rutul	Rutul	the_fish	1	1
Kusur1	Avar	Kusur	Rutul	the_fish	1	1
Mikik1	Tsakhur	Mikik	Rutul	the_flower	1	4
Mikik2	Tsakhur	Mikik	Rutul	the_flower	1	4
Tad-Magitl1	Akhvakh	Tad-Magitl	Akhvakh	the_fork_	1	22
Helmets1	Tsakhur	Gelmets	Rutul	the_fork.2..pitchfork	1	3
Helmets2	Tsakhur	Gelmets	Rutul	the_fork.2..pitchfork	1	3
Helmets3	Tsakhur	Gelmets	Rutul	the_fork.2..pitchfork	1	3
Mikik1	Tsakhur	Mikik	Rutul	the_fork.2..pitchfork	1	3
Kusur1	Avar	Kusur	Rutul	the_fork.2..pitchfork	1	3
Khlut2	Lezgian	Khlyut	Rutul	the_friend_	1	12
Khlut3	Lezgian	Khlyut	Rutul	the_friend_	1	12
Kiche1	Rutul	Kiche	Rutul	the_friend_	1	12
Kiche2	Rutul	Kiche	Rutul	the_friend_	1	12
Kina1	Rutul	Kina	Rutul	the_friend_	1	12
Kina2	Rutul	Kina	Rutul	the_friend_	1	12
Kina3	Rutul	Kina	Rutul	the_friend_	1	12
Rutul1	Rutul	Rutul	Rutul	the_friend_	1	12
Helmets1	Tsakhur	Gelmets	Rutul	the_glass	1	2
Helmets2	Tsakhur	Gelmets	Rutul	the_glass	1	2
Helmets3	Tsakhur	Gelmets	Rutul	the_glass	1	2
Ikhrek1	Rutul	Ikhrek	Rutul	the_glass	1	2
Ikhrek2	Rutul	Ikhrek	Rutul	the_glass	1	2
Ikhrek3	Rutul	Ikhrek	Rutul	the_glass	1	2
Ikhrek4	Rutul	Ikhrek	Rutul	the_glass	1	2
Khlut2	Lezgian	Khlyut	Rutul	the_glass	1	2
Kiche1	Rutul	Kiche	Rutul	the_glass	1	2
Kiche2	Rutul	Kiche	Rutul	the_glass	1	2
Kina1	Rutul	Kina	Rutul	the_glass	1	2
Kina2	Rutul	Kina	Rutul	the_glass	1	2
Kina3	Rutul	Kina	Rutul	the_glass	1	2
Mikik1	Tsakhur	Mikik	Rutul	the_glass	1	2
Mikik2	Tsakhur	Mikik	Rutul	the_glass	1	2
Rutul1	Rutul	Rutul	Rutul	the_glass	1	2
Khlut1	Lezgian	Khlyut	Rutul	the_glass_	1	11
Khlut2	Lezgian	Khlyut	Rutul	the_glass_	1	11
Khlut3	Lezgian	Khlyut	Rutul	the_glass_	1	11
Khlut4	Lezgian	Khlyut	Rutul	the_glass_	1	11
Khlut5	Lezgian	Khlyut	Rutul	the_glass_	1	11
Helmets1	Tsakhur	Gelmets	Rutul	the_gold	1	6
Helmets2	Tsakhur	Gelmets	Rutul	the_gold	1	6
Helmets3	Tsakhur	Gelmets	Rutul	the_gold	1	6
Ikhrek1	Rutul	Ikhrek	Rutul	the_gold	1	6
Ikhrek2	Rutul	Ikhrek	Rutul	the_gold	1	6
Ikhrek3	Rutul	Ikhrek	Rutul	the_gold	1	6
Ikhrek4	Rutul	Ikhrek	Rutul	the_gold	1	6
Khlut1	Lezgian	Khlyut	Rutul	the_gold	1	6
Khlut2	Lezgian	Khlyut	Rutul	the_gold	1	6
Khlut3	Lezgian	Khlyut	Rutul	the_gold	1	6
Khlut5	Lezgian	Khlyut	Rutul	the_gold	1	6
Kiche1	Rutul	Kiche	Rutul	the_gold	1	6
Kiche2	Rutul	Kiche	Rutul	the_gold	1	6
Kina1	Rutul	Kina	Rutul	the_gold	1	6
Kina2	Rutul	Kina	Rutul	the_gold	1	6
Kina3	Rutul	Kina	Rutul	the_gold	1	6
Mikik1	Tsakhur	Mikik	Rutul	the_gold	1	6
Mikik2	Tsakhur	Mikik	Rutul	the_gold	1	6
Rutul1	Rutul	Rutul	Rutul	the_gold	1	6
Helmets2	Tsakhur	Gelmets	Rutul	the_goose	1	4
Mikik1	Tsakhur	Mikik	Rutul	the_goose	1	4
Mikik2	Tsakhur	Mikik	Rutul	the_goose	1	4
Khlut1	Lezgian	Khlyut	Rutul	the_grape	1	6
Khlut2	Lezgian	Khlyut	Rutul	the_grape	1	6
Khlut3	Lezgian	Khlyut	Rutul	the_grape	1	6
Khlut4	Lezgian	Khlyut	Rutul	the_grape	1	6
Khlut5	Lezgian	Khlyut	Rutul	the_grape	1	6
Kusur1	Avar	Kusur	Rutul	the_hare	1	2
Helmets1	Tsakhur	Gelmets	Rutul	the_herd	1	8
Helmets2	Tsakhur	Gelmets	Rutul	the_herd	1	8
Ikhrek3	Rutul	Ikhrek	Rutul	the_herd	1	8
Khlut1	Lezgian	Khlyut	Rutul	the_herd	1	8
Khlut2	Lezgian	Khlyut	Rutul	the_herd	1	8
Khlut4	Lezgian	Khlyut	Rutul	the_herd	1	8
Khlut5	Lezgian	Khlyut	Rutul	the_herd	1	8
Kiche2	Rutul	Kiche	Rutul	the_herd	1	8
Rutul1	Rutul	Rutul	Rutul	the_herd	1	8
Kiche1	Rutul	Kiche	Rutul	the_herd_	1	26
Helmets2	Tsakhur	Gelmets	Rutul	the_herd_	1	38
Khlut1	Lezgian	Khlyut	Rutul	the_herd_	1	38
Khlut3	Lezgian	Khlyut	Rutul	the_herd_	1	38
Khlut5	Lezgian	Khlyut	Rutul	the_herd_	1	38
Kina1	Rutul	Kina	Rutul	the_herd_	1	38
Kina2	Rutul	Kina	Rutul	the_herd_	1	38
Kina3	Rutul	Kina	Rutul	the_herd_	1	38
Mikik1	Tsakhur	Mikik	Rutul	the_herd_	1	38
Mikik2	Tsakhur	Mikik	Rutul	the_herd_	1	38
Kusur1	Avar	Kusur	Rutul	the_herd_	1	38
Helmets1	Tsakhur	Gelmets	Rutul	the_joke	1	5
Helmets2	Tsakhur	Gelmets	Rutul	the_joke	1	5
Helmets3	Tsakhur	Gelmets	Rutul	the_joke	1	5
Ikhrek1	Rutul	Ikhrek	Rutul	the_joke	1	5
Ikhrek2	Rutul	Ikhrek	Rutul	the_joke	1	5
Ikhrek3	Rutul	Ikhrek	Rutul	the_joke	1	5
Ikhrek4	Rutul	Ikhrek	Rutul	the_joke	1	5
Khlut1	Lezgian	Khlyut	Rutul	the_joke	1	5
Khlut2	Lezgian	Khlyut	Rutul	the_joke	1	5
Khlut3	Lezgian	Khlyut	Rutul	the_joke	1	5
Khlut4	Lezgian	Khlyut	Rutul	the_joke	1	5
Khlut5	Lezgian	Khlyut	Rutul	the_joke	1	5
Kiche1	Rutul	Kiche	Rutul	the_joke	1	5
Kiche2	Rutul	Kiche	Rutul	the_joke	1	5
Kina1	Rutul	Kina	Rutul	the_joke	1	5
Kina3	Rutul	Kina	Rutul	the_joke	1	5
Mikik1	Tsakhur	Mikik	Rutul	the_joke	1	5
Mikik2	Tsakhur	Mikik	Rutul	the_joke	1	5
Rutul1	Rutul	Rutul	Rutul	the_joke	1	5
Kusur1	Avar	Kusur	Rutul	the_joke	1	5
Bezhta1	Bezhta	Bezhta	Tsunta	the_joke_	1	12
Karata1	Karata	Karata	Akhvakh	the_joke_	1	12
Karata2	Karata	Karata	Akhvakh	the_joke_	1	12
Karata3	Karata	Karata	Akhvakh	the_joke_	1	12
Karata4	Karata	Karata	Akhvakh	the_joke_	1	12
Kidero1	Tsez	Kidero	Tsunta	the_joke_	1	12
Kidero2	Tsez	Kidero	Tsunta	the_joke_	1	12
Kidero3	Tsez	Kidero	Tsunta	the_joke_	1	12
Kina2	Rutul	Kina	Rutul	the_joke_	1	12
Rikvani1	Andi	Rikvani	Botlikh	the_joke_	1	12
Tad-Magitl1	Akhvakh	Tad-Magitl	Akhvakh	the_joke_	1	12
Tad-Magitl2	Akhvakh	Tad-Magitl	Akhvakh	the_joke_	1	12
Tukita1	Karata	Tukita	Akhvakh	the_joke_	1	12
Zilo1	Andi	Zilo	Botlikh	the_joke_	1	12
Zilo2	Andi	Zilo	Botlikh	the_joke_	1	12
Tlibisho1	Bagvalal	Tlibisho	Akhvakh	the_joke_	1	12
Tlibisho2	Bagvalal	Tlibisho	Akhvakh	the_joke_	1	12
Tlibisho3	Bagvalal	Tlibisho	Akhvakh	the_joke_	1	12
Tlibisho4	Bagvalal	Tlibisho	Akhvakh	the_joke_	1	12
Helmets1	Tsakhur	Gelmets	Rutul	the_lead	1	4
Helmets2	Tsakhur	Gelmets	Rutul	the_lead	1	4
Helmets3	Tsakhur	Gelmets	Rutul	the_lead	1	4
Ikhrek1	Rutul	Ikhrek	Rutul	the_lead	1	4
Ikhrek2	Rutul	Ikhrek	Rutul	the_lead	1	4
Ikhrek3	Rutul	Ikhrek	Rutul	the_lead	1	4
Ikhrek4	Rutul	Ikhrek	Rutul	the_lead	1	4
Khlut1	Lezgian	Khlyut	Rutul	the_lead	1	4
Khlut2	Lezgian	Khlyut	Rutul	the_lead	1	4
Khlut4	Lezgian	Khlyut	Rutul	the_lead	1	4
Khlut5	Lezgian	Khlyut	Rutul	the_lead	1	4
Kiche1	Rutul	Kiche	Rutul	the_lead	1	4
Kiche2	Rutul	Kiche	Rutul	the_lead	1	4
Kina1	Rutul	Kina	Rutul	the_lead	1	4
Kina2	Rutul	Kina	Rutul	the_lead	1	4
Kina3	Rutul	Kina	Rutul	the_lead	1	4
Mikik1	Tsakhur	Mikik	Rutul	the_lead	1	4
Mikik2	Tsakhur	Mikik	Rutul	the_lead	1	4
Rutul1	Rutul	Rutul	Rutul	the_lead	1	4
Helmets1	Tsakhur	Gelmets	Rutul	the_lightning	1	4
Ikhrek4	Rutul	Ikhrek	Rutul	the_lightning	1	4
Mikik2	Tsakhur	Mikik	Rutul	the_lightning	1	4
Kusur1	Avar	Kusur	Rutul	the_lightning	1	4
Helmets1	Tsakhur	Gelmets	Rutul	the_lion_	1	12
Khlut3	Lezgian	Khlyut	Rutul	the_lion_	1	12
Kiche2	Rutul	Kiche	Rutul	the_lion_	1	12
Mikik1	Tsakhur	Mikik	Rutul	the_lion_	1	12
Mikik1	Tsakhur	Mikik	Rutul	the_lizard	1	6
Mikik2	Tsakhur	Mikik	Rutul	the_lizard	1	6
Helmets1	Tsakhur	Gelmets	Rutul	the_maize.corn	1	5
Helmets2	Tsakhur	Gelmets	Rutul	the_maize.corn	1	5
Helmets3	Tsakhur	Gelmets	Rutul	the_maize.corn	1	5
Ikhrek1	Rutul	Ikhrek	Rutul	the_maize.corn	1	5
Ikhrek2	Rutul	Ikhrek	Rutul	the_maize.corn	1	5
Ikhrek3	Rutul	Ikhrek	Rutul	the_maize.corn	1	5
Ikhrek4	Rutul	Ikhrek	Rutul	the_maize.corn	1	5
Kiche1	Rutul	Kiche	Rutul	the_maize.corn	1	5
Kina1	Rutul	Kina	Rutul	the_maize.corn	1	5
Kina2	Rutul	Kina	Rutul	the_maize.corn	1	5
Kina3	Rutul	Kina	Rutul	the_maize.corn	1	5
Mikik1	Tsakhur	Mikik	Rutul	the_maize.corn	1	5
Mikik2	Tsakhur	Mikik	Rutul	the_maize.corn	1	5
Rutul1	Rutul	Rutul	Rutul	the_maize.corn	1	5
Kusur1	Avar	Kusur	Rutul	the_maize.corn	1	5
Khlut2	Lezgian	Khlyut	Rutul	the_maize.corn	1	8
Tukita1	Karata	Tukita	Akhvakh	the_maize.corn	1	8
Zilo1	Andi	Zilo	Botlikh	the_maize.corn	1	8
Zilo2	Andi	Zilo	Botlikh	the_maize.corn	1	8
Karata1	Karata	Karata	Akhvakh	the_melon	1	5
Karata2	Karata	Karata	Akhvakh	the_melon	1	5
Karata3	Karata	Karata	Akhvakh	the_melon	1	5
Karata4	Karata	Karata	Akhvakh	the_melon	1	5
Rikvani1	Andi	Rikvani	Botlikh	the_melon	1	5
Tad-Magitl1	Akhvakh	Tad-Magitl	Akhvakh	the_melon	1	5
Tad-Magitl2	Akhvakh	Tad-Magitl	Akhvakh	the_melon	1	5
Tukita1	Karata	Tukita	Akhvakh	the_melon	1	5
Zilo1	Andi	Zilo	Botlikh	the_melon	1	5
Zilo2	Andi	Zilo	Botlikh	the_melon	1	5
Tlibisho1	Bagvalal	Tlibisho	Akhvakh	the_melon	1	5
Tlibisho3	Bagvalal	Tlibisho	Akhvakh	the_melon	1	5
Helmets1	Tsakhur	Gelmets	Rutul	the_melon_	1	15
Helmets2	Tsakhur	Gelmets	Rutul	the_melon_	1	15
Helmets3	Tsakhur	Gelmets	Rutul	the_melon_	1	15
Ikhrek1	Rutul	Ikhrek	Rutul	the_melon_	1	15
Ikhrek2	Rutul	Ikhrek	Rutul	the_melon_	1	15
Ikhrek3	Rutul	Ikhrek	Rutul	the_melon_	1	15
Ikhrek4	Rutul	Ikhrek	Rutul	the_melon_	1	15
Khlut1	Lezgian	Khlyut	Rutul	the_melon_	1	15
Khlut2	Lezgian	Khlyut	Rutul	the_melon_	1	15
Khlut4	Lezgian	Khlyut	Rutul	the_melon_	1	15
Khlut5	Lezgian	Khlyut	Rutul	the_melon_	1	15
Kiche1	Rutul	Kiche	Rutul	the_melon_	1	15
Kiche2	Rutul	Kiche	Rutul	the_melon_	1	15
Kina1	Rutul	Kina	Rutul	the_melon_	1	15
Kina2	Rutul	Kina	Rutul	the_melon_	1	15
Kina3	Rutul	Kina	Rutul	the_melon_	1	15
Mikik1	Tsakhur	Mikik	Rutul	the_melon_	1	15
Mikik2	Tsakhur	Mikik	Rutul	the_melon_	1	15
Rutul1	Rutul	Rutul	Rutul	the_melon_	1	15
Kusur1	Avar	Kusur	Rutul	the_melon_	1	15
Ikhrek1	Rutul	Ikhrek	Rutul	the_mirror	1	5
Ikhrek2	Rutul	Ikhrek	Rutul	the_mirror	1	5
Ikhrek3	Rutul	Ikhrek	Rutul	the_mirror	1	5
Ikhrek4	Rutul	Ikhrek	Rutul	the_mirror	1	5
Khlut1	Lezgian	Khlyut	Rutul	the_mirror	1	5
Khlut2	Lezgian	Khlyut	Rutul	the_mirror	1	5
Khlut3	Lezgian	Khlyut	Rutul	the_mirror	1	5
Khlut4	Lezgian	Khlyut	Rutul	the_mirror	1	5
Khlut5	Lezgian	Khlyut	Rutul	the_mirror	1	5
Kiche1	Rutul	Kiche	Rutul	the_mirror	1	5
Kiche2	Rutul	Kiche	Rutul	the_mirror	1	5
Kina1	Rutul	Kina	Rutul	the_mirror	1	5
Kina2	Rutul	Kina	Rutul	the_mirror	1	5
Kina3	Rutul	Kina	Rutul	the_mirror	1	5
Rutul1	Rutul	Rutul	Rutul	the_mirror	1	5
Tad-Magitl1	Akhvakh	Tad-Magitl	Akhvakh	the_money	1	8
Tad-Magitl2	Akhvakh	Tad-Magitl	Akhvakh	the_money	1	8
Tlibisho1	Bagvalal	Tlibisho	Akhvakh	the_money	1	8
Tlibisho2	Bagvalal	Tlibisho	Akhvakh	the_money	1	8
Tlibisho3	Bagvalal	Tlibisho	Akhvakh	the_money	1	8
Tlibisho4	Bagvalal	Tlibisho	Akhvakh	the_money	1	8
Bezhta1	Bezhta	Bezhta	Tsunta	the_mortar.2.	1	1
Helmets1	Tsakhur	Gelmets	Rutul	the_mortar.2.	1	1
Helmets2	Tsakhur	Gelmets	Rutul	the_mortar.2.	1	1
Helmets3	Tsakhur	Gelmets	Rutul	the_mortar.2.	1	1
Ikhrek1	Rutul	Ikhrek	Rutul	the_mortar.2.	1	1
Ikhrek2	Rutul	Ikhrek	Rutul	the_mortar.2.	1	1
Ikhrek3	Rutul	Ikhrek	Rutul	the_mortar.2.	1	1
Ikhrek4	Rutul	Ikhrek	Rutul	the_mortar.2.	1	1
Khlut1	Lezgian	Khlyut	Rutul	the_mortar.2.	1	1
Khlut2	Lezgian	Khlyut	Rutul	the_mortar.2.	1	1
Khlut3	Lezgian	Khlyut	Rutul	the_mortar.2.	1	1
Khlut4	Lezgian	Khlyut	Rutul	the_mortar.2.	1	1
Khlut5	Lezgian	Khlyut	Rutul	the_mortar.2.	1	1
Kiche1	Rutul	Kiche	Rutul	the_mortar.2.	1	1
Kiche2	Rutul	Kiche	Rutul	the_mortar.2.	1	1
Kidero1	Tsez	Kidero	Tsunta	the_mortar.2.	1	1
Kina1	Rutul	Kina	Rutul	the_mortar.2.	1	1
Kina2	Rutul	Kina	Rutul	the_mortar.2.	1	1
Kina3	Rutul	Kina	Rutul	the_mortar.2.	1	1
Mikik1	Tsakhur	Mikik	Rutul	the_mortar.2.	1	1
Mikik2	Tsakhur	Mikik	Rutul	the_mortar.2.	1	1
Rutul1	Rutul	Rutul	Rutul	the_mortar.2.	1	1
Tad-Magitl2	Akhvakh	Tad-Magitl	Akhvakh	the_mortar.2.	1	1
Kusur1	Avar	Kusur	Rutul	the_mortar.2.	1	1
Mikik1	Tsakhur	Mikik	Rutul	the_mushroom	1	5
Mikik2	Tsakhur	Mikik	Rutul	the_mushroom	1	5
Helmets1	Tsakhur	Gelmets	Rutul	the_neighbour	1	4
Helmets2	Tsakhur	Gelmets	Rutul	the_neighbour	1	4
Helmets3	Tsakhur	Gelmets	Rutul	the_neighbour	1	4
Ikhrek1	Rutul	Ikhrek	Rutul	the_neighbour	1	4
Ikhrek2	Rutul	Ikhrek	Rutul	the_neighbour	1	4
Ikhrek3	Rutul	Ikhrek	Rutul	the_neighbour	1	4
Ikhrek4	Rutul	Ikhrek	Rutul	the_neighbour	1	4
Khlut1	Lezgian	Khlyut	Rutul	the_neighbour	1	4
Khlut2	Lezgian	Khlyut	Rutul	the_neighbour	1	4
Khlut4	Lezgian	Khlyut	Rutul	the_neighbour	1	4
Khlut5	Lezgian	Khlyut	Rutul	the_neighbour	1	4
Kiche1	Rutul	Kiche	Rutul	the_neighbour	1	4
Kiche2	Rutul	Kiche	Rutul	the_neighbour	1	4
Kina1	Rutul	Kina	Rutul	the_neighbour	1	4
Kina2	Rutul	Kina	Rutul	the_neighbour	1	4
Kina3	Rutul	Kina	Rutul	the_neighbour	1	4
Mikik1	Tsakhur	Mikik	Rutul	the_neighbour	1	4
Mikik2	Tsakhur	Mikik	Rutul	the_neighbour	1	4
Rutul1	Rutul	Rutul	Rutul	the_neighbour	1	4
Kusur1	Avar	Kusur	Rutul	the_neighbour	1	4
Helmets1	Tsakhur	Gelmets	Rutul	the_nest_	1	10
Helmets2	Tsakhur	Gelmets	Rutul	the_nest_	1	10
Helmets3	Tsakhur	Gelmets	Rutul	the_nest_	1	10
Karata1	Karata	Karata	Akhvakh	the_oats	1	3
Karata2	Karata	Karata	Akhvakh	the_oats	1	3
Karata3	Karata	Karata	Akhvakh	the_oats	1	3
Karata4	Karata	Karata	Akhvakh	the_oats	1	3
Khlut1	Lezgian	Khlyut	Rutul	the_oats	1	3
Khlut5	Lezgian	Khlyut	Rutul	the_oats	1	3
Rikvani1	Andi	Rikvani	Botlikh	the_oats	1	3
Tad-Magitl1	Akhvakh	Tad-Magitl	Akhvakh	the_oats	1	3
Tukita1	Karata	Tukita	Akhvakh	the_oats	1	3
Zilo2	Andi	Zilo	Botlikh	the_oats	1	3
Tlibisho1	Bagvalal	Tlibisho	Akhvakh	the_oats	1	3
Tlibisho3	Bagvalal	Tlibisho	Akhvakh	the_oats	1	3
Helmets1	Tsakhur	Gelmets	Rutul	the_owl	1	1
Helmets2	Tsakhur	Gelmets	Rutul	the_owl	1	1
Helmets3	Tsakhur	Gelmets	Rutul	the_owl	1	1
Mikik1	Tsakhur	Mikik	Rutul	the_owl	1	1
Mikik2	Tsakhur	Mikik	Rutul	the_owl	1	1
Helmets1	Tsakhur	Gelmets	Rutul	the_paint	1	8
Helmets2	Tsakhur	Gelmets	Rutul	the_paint	1	8
Ikhrek2	Rutul	Ikhrek	Rutul	the_paint	1	8
Khlut1	Lezgian	Khlyut	Rutul	the_paint	1	8
Khlut2	Lezgian	Khlyut	Rutul	the_paint	1	8
Khlut3	Lezgian	Khlyut	Rutul	the_paint	1	8
Kiche2	Rutul	Kiche	Rutul	the_paint	1	8
Kina2	Rutul	Kina	Rutul	the_paint	1	8
Kina3	Rutul	Kina	Rutul	the_paint	1	8
Mikik1	Tsakhur	Mikik	Rutul	the_paint	1	8
Rutul1	Rutul	Rutul	Rutul	the_paint	1	8
Ikhrek2	Rutul	Ikhrek	Rutul	the_pea_	1	18
Khlut1	Lezgian	Khlyut	Rutul	the_pea_	1	18
Khlut2	Lezgian	Khlyut	Rutul	the_pea_	1	18
Khlut3	Lezgian	Khlyut	Rutul	the_pea_	1	18
Khlut4	Lezgian	Khlyut	Rutul	the_pea_	1	18
Khlut5	Lezgian	Khlyut	Rutul	the_pea_	1	18
Kiche1	Rutul	Kiche	Rutul	the_pea_	1	18
Kina1	Rutul	Kina	Rutul	the_pea_	1	18
Kina2	Rutul	Kina	Rutul	the_pea_	1	18
Kina3	Rutul	Kina	Rutul	the_pea_	1	18
Rutul1	Rutul	Rutul	Rutul	the_pea_	1	18
Bezhta1	Bezhta	Bezhta	Tsunta	the_pepper	1	4
Helmets1	Tsakhur	Gelmets	Rutul	the_pepper	1	4
Helmets2	Tsakhur	Gelmets	Rutul	the_pepper	1	4
Helmets3	Tsakhur	Gelmets	Rutul	the_pepper	1	4
Ikhrek1	Rutul	Ikhrek	Rutul	the_pepper	1	4
Ikhrek2	Rutul	Ikhrek	Rutul	the_pepper	1	4
Ikhrek3	Rutul	Ikhrek	Rutul	the_pepper	1	4
Ikhrek4	Rutul	Ikhrek	Rutul	the_pepper	1	4
Khlut1	Lezgian	Khlyut	Rutul	the_pepper	1	4
Khlut2	Lezgian	Khlyut	Rutul	the_pepper	1	4
Khlut4	Lezgian	Khlyut	Rutul	the_pepper	1	4
Khlut5	Lezgian	Khlyut	Rutul	the_pepper	1	4
Kiche1	Rutul	Kiche	Rutul	the_pepper	1	4
Kiche2	Rutul	Kiche	Rutul	the_pepper	1	4
Kina1	Rutul	Kina	Rutul	the_pepper	1	4
Kina2	Rutul	Kina	Rutul	the_pepper	1	4
Kina3	Rutul	Kina	Rutul	the_pepper	1	4
Mikik1	Tsakhur	Mikik	Rutul	the_pepper	1	4
Mikik2	Tsakhur	Mikik	Rutul	the_pepper	1	4
Rutul1	Rutul	Rutul	Rutul	the_pepper	1	4
Karata1	Karata	Karata	Akhvakh	the_pepper	1	7
Karata2	Karata	Karata	Akhvakh	the_pepper	1	7
Karata4	Karata	Karata	Akhvakh	the_pepper	1	7
Zilo1	Andi	Zilo	Botlikh	the_pepper	1	7
Tlibisho3	Bagvalal	Tlibisho	Akhvakh	the_pepper	1	7
Ikhrek1	Rutul	Ikhrek	Rutul	the_pig	1	3
Ikhrek2	Rutul	Ikhrek	Rutul	the_pig	1	3
Ikhrek3	Rutul	Ikhrek	Rutul	the_pig	1	3
Ikhrek4	Rutul	Ikhrek	Rutul	the_pig	1	3
Kiche1	Rutul	Kiche	Rutul	the_pig	1	3
Kiche2	Rutul	Kiche	Rutul	the_pig	1	3
Kina1	Rutul	Kina	Rutul	the_pig	1	3
Kina2	Rutul	Kina	Rutul	the_pig	1	3
Kina3	Rutul	Kina	Rutul	the_pig	1	3
Rutul1	Rutul	Rutul	Rutul	the_pig	1	3
Helmets1	Tsakhur	Gelmets	Rutul	the_plum	1	5
Helmets2	Tsakhur	Gelmets	Rutul	the_plum	1	5
Helmets3	Tsakhur	Gelmets	Rutul	the_plum	1	5
Ikhrek1	Rutul	Ikhrek	Rutul	the_plum	1	5
Ikhrek2	Rutul	Ikhrek	Rutul	the_plum	1	5
Ikhrek3	Rutul	Ikhrek	Rutul	the_plum	1	5
Ikhrek4	Rutul	Ikhrek	Rutul	the_plum	1	5
Kina1	Rutul	Kina	Rutul	the_plum	1	5
Kina2	Rutul	Kina	Rutul	the_plum	1	5
Kina3	Rutul	Kina	Rutul	the_plum	1	5
Mikik1	Tsakhur	Mikik	Rutul	the_plum	1	5
Mikik2	Tsakhur	Mikik	Rutul	the_plum	1	5
Bezhta1	Bezhta	Bezhta	Tsunta	the_pocket	1	2
Rikvani1	Andi	Rikvani	Botlikh	the_pocket	1	2
Zilo1	Andi	Zilo	Botlikh	the_pocket	1	2
Zilo2	Andi	Zilo	Botlikh	the_pocket	1	2
Bezhta1	Bezhta	Bezhta	Tsunta	the_prison	1	7
Helmets1	Tsakhur	Gelmets	Rutul	the_prison	1	7
Ikhrek1	Rutul	Ikhrek	Rutul	the_prison	1	7
Ikhrek2	Rutul	Ikhrek	Rutul	the_prison	1	7
Ikhrek3	Rutul	Ikhrek	Rutul	the_prison	1	7
Ikhrek4	Rutul	Ikhrek	Rutul	the_prison	1	7
Karata1	Karata	Karata	Akhvakh	the_prison	1	7
Karata2	Karata	Karata	Akhvakh	the_prison	1	7
Karata3	Karata	Karata	Akhvakh	the_prison	1	7
Karata4	Karata	Karata	Akhvakh	the_prison	1	7
Khlut1	Lezgian	Khlyut	Rutul	the_prison	1	7
Khlut2	Lezgian	Khlyut	Rutul	the_prison	1	7
Khlut3	Lezgian	Khlyut	Rutul	the_prison	1	7
Khlut4	Lezgian	Khlyut	Rutul	the_prison	1	7
Khlut5	Lezgian	Khlyut	Rutul	the_prison	1	7
Kiche1	Rutul	Kiche	Rutul	the_prison	1	7
Kidero1	Tsez	Kidero	Tsunta	the_prison	1	7
Kidero2	Tsez	Kidero	Tsunta	the_prison	1	7
Kidero3	Tsez	Kidero	Tsunta	the_prison	1	7
Kina1	Rutul	Kina	Rutul	the_prison	1	7
Kina2	Rutul	Kina	Rutul	the_prison	1	7
Kina3	Rutul	Kina	Rutul	the_prison	1	7
Mikik1	Tsakhur	Mikik	Rutul	the_prison	1	7
Mikik2	Tsakhur	Mikik	Rutul	the_prison	1	7
Rutul1	Rutul	Rutul	Rutul	the_prison	1	7
Tad-Magitl1	Akhvakh	Tad-Magitl	Akhvakh	the_prison	1	7
Tad-Magitl2	Akhvakh	Tad-Magitl	Akhvakh	the_prison	1	7
Tukita1	Karata	Tukita	Akhvakh	the_prison	1	7
Tlibisho1	Bagvalal	Tlibisho	Akhvakh	the_prison	1	7
Tlibisho2	Bagvalal	Tlibisho	Akhvakh	the_prison	1	7
Tlibisho3	Bagvalal	Tlibisho	Akhvakh	the_prison	1	7
Bezhta1	Bezhta	Bezhta	Tsunta	the_pumpkin_or_squash	1	5
Helmets1	Tsakhur	Gelmets	Rutul	the_pumpkin_or_squash	1	5
Helmets2	Tsakhur	Gelmets	Rutul	the_pumpkin_or_squash	1	5
Helmets3	Tsakhur	Gelmets	Rutul	the_pumpkin_or_squash	1	5
Ikhrek1	Rutul	Ikhrek	Rutul	the_pumpkin_or_squash	1	5
Ikhrek2	Rutul	Ikhrek	Rutul	the_pumpkin_or_squash	1	5
Ikhrek3	Rutul	Ikhrek	Rutul	the_pumpkin_or_squash	1	5
Ikhrek4	Rutul	Ikhrek	Rutul	the_pumpkin_or_squash	1	5
Khlut1	Lezgian	Khlyut	Rutul	the_pumpkin_or_squash	1	5
Khlut2	Lezgian	Khlyut	Rutul	the_pumpkin_or_squash	1	5
Khlut3	Lezgian	Khlyut	Rutul	the_pumpkin_or_squash	1	5
Khlut4	Lezgian	Khlyut	Rutul	the_pumpkin_or_squash	1	5
Khlut5	Lezgian	Khlyut	Rutul	the_pumpkin_or_squash	1	5
Kiche1	Rutul	Kiche	Rutul	the_pumpkin_or_squash	1	5
Kiche2	Rutul	Kiche	Rutul	the_pumpkin_or_squash	1	5
Kidero1	Tsez	Kidero	Tsunta	the_pumpkin_or_squash	1	5
Kidero3	Tsez	Kidero	Tsunta	the_pumpkin_or_squash	1	5
Kina1	Rutul	Kina	Rutul	the_pumpkin_or_squash	1	5
Kina2	Rutul	Kina	Rutul	the_pumpkin_or_squash	1	5
Kina3	Rutul	Kina	Rutul	the_pumpkin_or_squash	1	5
Mikik1	Tsakhur	Mikik	Rutul	the_pumpkin_or_squash	1	5
Mikik2	Tsakhur	Mikik	Rutul	the_pumpkin_or_squash	1	5
Rikvani1	Andi	Rikvani	Botlikh	the_pumpkin_or_squash	1	5
Rutul1	Rutul	Rutul	Rutul	the_pumpkin_or_squash	1	5
Tad-Magitl1	Akhvakh	Tad-Magitl	Akhvakh	the_pumpkin_or_squash	1	5
Tad-Magitl2	Akhvakh	Tad-Magitl	Akhvakh	the_pumpkin_or_squash	1	5
Tukita1	Karata	Tukita	Akhvakh	the_pumpkin_or_squash	1	5
Kusur1	Avar	Kusur	Rutul	the_pumpkin_or_squash	1	5
Helmets1	Tsakhur	Gelmets	Rutul	the_reindeer.caribou	1	5
Helmets3	Tsakhur	Gelmets	Rutul	the_reindeer.caribou	1	5
Ikhrek1	Rutul	Ikhrek	Rutul	the_reindeer.caribou	1	5
Ikhrek2	Rutul	Ikhrek	Rutul	the_reindeer.caribou	1	5
Ikhrek3	Rutul	Ikhrek	Rutul	the_reindeer.caribou	1	5
Mikik1	Tsakhur	Mikik	Rutul	the_reindeer.caribou	1	5
Mikik2	Tsakhur	Mikik	Rutul	the_reindeer.caribou	1	5
Kusur1	Avar	Kusur	Rutul	the_reindeer.caribou	1	5
Khlut2	Lezgian	Khlyut	Rutul	the_reindeer.caribou_	1	10
Kiche2	Rutul	Kiche	Rutul	the_reindeer.caribou_	1	10
Kina1	Rutul	Kina	Rutul	the_reindeer.caribou_	1	10
Kina2	Rutul	Kina	Rutul	the_reindeer.caribou_	1	10
Rutul1	Rutul	Rutul	Rutul	the_reindeer.caribou_	1	10
Ikhrek1	Rutul	Ikhrek	Rutul	the_rice	1	6
Ikhrek2	Rutul	Ikhrek	Rutul	the_rice	1	6
Ikhrek3	Rutul	Ikhrek	Rutul	the_rice	1	6
Ikhrek4	Rutul	Ikhrek	Rutul	the_rice	1	6
Khlut1	Lezgian	Khlyut	Rutul	the_rice	1	6
Khlut2	Lezgian	Khlyut	Rutul	the_rice	1	6
Khlut3	Lezgian	Khlyut	Rutul	the_rice	1	6
Khlut4	Lezgian	Khlyut	Rutul	the_rice	1	6
Khlut5	Lezgian	Khlyut	Rutul	the_rice	1	6
Kiche1	Rutul	Kiche	Rutul	the_rice	1	6
Kiche2	Rutul	Kiche	Rutul	the_rice	1	6
Kina1	Rutul	Kina	Rutul	the_rice	1	6
Kina2	Rutul	Kina	Rutul	the_rice	1	6
Kina3	Rutul	Kina	Rutul	the_rice	1	6
Rutul1	Rutul	Rutul	Rutul	the_rice	1	6
Mikik1	Tsakhur	Mikik	Rutul	the_rope	1	4
Helmets1	Tsakhur	Gelmets	Rutul	the_rust	1	2
Helmets2	Tsakhur	Gelmets	Rutul	the_rust	1	2
Helmets3	Tsakhur	Gelmets	Rutul	the_rust	1	2
Mikik2	Tsakhur	Mikik	Rutul	the_rust	1	2
Helmets1	Tsakhur	Gelmets	Rutul	the_sand	1	5
Helmets3	Tsakhur	Gelmets	Rutul	the_sand	1	5
Ikhrek1	Rutul	Ikhrek	Rutul	the_sand	1	5
Ikhrek2	Rutul	Ikhrek	Rutul	the_sand	1	5
Ikhrek3	Rutul	Ikhrek	Rutul	the_sand	1	5
Ikhrek4	Rutul	Ikhrek	Rutul	the_sand	1	5
Khlut4	Lezgian	Khlyut	Rutul	the_sand	1	5
Kina1	Rutul	Kina	Rutul	the_sand	1	5
Kina2	Rutul	Kina	Rutul	the_sand	1	5
Kina3	Rutul	Kina	Rutul	the_sand	1	5
Mikik1	Tsakhur	Mikik	Rutul	the_sand	1	5
Mikik2	Tsakhur	Mikik	Rutul	the_sand	1	5
Kusur1	Avar	Kusur	Rutul	the_sand	1	5
Helmets3	Tsakhur	Gelmets	Rutul	the_scar	1	3
Mikik1	Tsakhur	Mikik	Rutul	the_scar	1	3
Helmets1	Tsakhur	Gelmets	Rutul	the_school	1	6
Helmets2	Tsakhur	Gelmets	Rutul	the_school	1	6
Helmets3	Tsakhur	Gelmets	Rutul	the_school	1	6
Ikhrek1	Rutul	Ikhrek	Rutul	the_school	1	6
Ikhrek2	Rutul	Ikhrek	Rutul	the_school	1	6
Ikhrek3	Rutul	Ikhrek	Rutul	the_school	1	6
Ikhrek4	Rutul	Ikhrek	Rutul	the_school	1	6
Khlut1	Lezgian	Khlyut	Rutul	the_school	1	6
Khlut2	Lezgian	Khlyut	Rutul	the_school	1	6
Khlut3	Lezgian	Khlyut	Rutul	the_school	1	6
Khlut4	Lezgian	Khlyut	Rutul	the_school	1	6
Khlut5	Lezgian	Khlyut	Rutul	the_school	1	6
Kiche1	Rutul	Kiche	Rutul	the_school	1	6
Kiche2	Rutul	Kiche	Rutul	the_school	1	6
Kina1	Rutul	Kina	Rutul	the_school	1	6
Kina2	Rutul	Kina	Rutul	the_school	1	6
Kina3	Rutul	Kina	Rutul	the_school	1	6
Mikik1	Tsakhur	Mikik	Rutul	the_school	1	6
Mikik2	Tsakhur	Mikik	Rutul	the_school	1	6
Rutul1	Rutul	Rutul	Rutul	the_school	1	6
Kusur1	Avar	Kusur	Rutul	the_school	1	6
Khlut1	Lezgian	Khlyut	Rutul	the_scythe	1	3
Khlut2	Lezgian	Khlyut	Rutul	the_scythe	1	3
Khlut4	Lezgian	Khlyut	Rutul	the_scythe	1	3
Khlut5	Lezgian	Khlyut	Rutul	the_scythe	1	3
Kiche1	Rutul	Kiche	Rutul	the_scythe	1	3
Helmets1	Tsakhur	Gelmets	Rutul	the_scythe_	1	22
Helmets2	Tsakhur	Gelmets	Rutul	the_scythe_	1	22
Helmets3	Tsakhur	Gelmets	Rutul	the_scythe_	1	22
Mikik1	Tsakhur	Mikik	Rutul	the_scythe_	1	22
Kiche1	Rutul	Kiche	Rutul	the_sea	1	8
Helmets1	Tsakhur	Gelmets	Rutul	the_slave	1	1
Helmets2	Tsakhur	Gelmets	Rutul	the_slave	1	1
Helmets3	Tsakhur	Gelmets	Rutul	the_slave	1	1
Ikhrek2	Rutul	Ikhrek	Rutul	the_slave	1	1
Ikhrek3	Rutul	Ikhrek	Rutul	the_slave	1	1
Ikhrek4	Rutul	Ikhrek	Rutul	the_slave	1	1
Kina1	Rutul	Kina	Rutul	the_slave	1	1
Mikik2	Tsakhur	Mikik	Rutul	the_slave	1	1
Rutul1	Rutul	Rutul	Rutul	the_slave	1	1
Kina2	Rutul	Kina	Rutul	the_slave	1	6
Karata4	Karata	Karata	Akhvakh	the_slave_	1	10
Helmets1	Tsakhur	Gelmets	Rutul	the_sledge.sled_	1	11
Helmets3	Tsakhur	Gelmets	Rutul	the_sledge.sled_	1	11
Kina3	Rutul	Kina	Rutul	the_sledge.sled_	1	11
Mikik1	Tsakhur	Mikik	Rutul	the_sledge.sled_	1	11
Mikik2	Tsakhur	Mikik	Rutul	the_sledge.sled_	1	11
Ikhrek1	Rutul	Ikhrek	Rutul	the_sledge.sled_	1	19
Ikhrek2	Rutul	Ikhrek	Rutul	the_sledge.sled_	1	19
Ikhrek3	Rutul	Ikhrek	Rutul	the_sledge.sled_	1	19
Ikhrek4	Rutul	Ikhrek	Rutul	the_sledge.sled_	1	19
Karata2	Karata	Karata	Akhvakh	the_sledge.sled_	1	24
Kidero1	Tsez	Kidero	Tsunta	the_sledge.sled_	1	24
Kidero2	Tsez	Kidero	Tsunta	the_sledge.sled_	1	24
Kidero3	Tsez	Kidero	Tsunta	the_sledge.sled_	1	24
Rikvani1	Andi	Rikvani	Botlikh	the_sledge.sled_	1	24
Tad-Magitl1	Akhvakh	Tad-Magitl	Akhvakh	the_sledge.sled_	1	24
Tukita1	Karata	Tukita	Akhvakh	the_sledge.sled_	1	24
Zilo1	Andi	Zilo	Botlikh	the_sledge.sled_	1	24
Zilo2	Andi	Zilo	Botlikh	the_sledge.sled_	1	24
Tlibisho1	Bagvalal	Tlibisho	Akhvakh	the_sledge.sled_	1	24
Tlibisho3	Bagvalal	Tlibisho	Akhvakh	the_sledge.sled_	1	24
Tlibisho4	Bagvalal	Tlibisho	Akhvakh	the_sledge.sled_	1	24
Helmets1	Tsakhur	Gelmets	Rutul	the_song	1	1
Helmets2	Tsakhur	Gelmets	Rutul	the_song	1	1
Helmets3	Tsakhur	Gelmets	Rutul	the_song	1	1
Khlut1	Lezgian	Khlyut	Rutul	the_song	1	1
Khlut2	Lezgian	Khlyut	Rutul	the_song	1	1
Khlut3	Lezgian	Khlyut	Rutul	the_song	1	1
Khlut4	Lezgian	Khlyut	Rutul	the_song	1	1
Khlut5	Lezgian	Khlyut	Rutul	the_song	1	1
Kiche1	Rutul	Kiche	Rutul	the_song	1	1
Kiche2	Rutul	Kiche	Rutul	the_song	1	1
Kina1	Rutul	Kina	Rutul	the_song	1	1
Kina2	Rutul	Kina	Rutul	the_song	1	1
Kina3	Rutul	Kina	Rutul	the_song	1	1
Mikik1	Tsakhur	Mikik	Rutul	the_song	1	1
Mikik2	Tsakhur	Mikik	Rutul	the_song	1	1
Helmets1	Tsakhur	Gelmets	Rutul	the_spade_	1	15
Helmets3	Tsakhur	Gelmets	Rutul	the_spade_	1	15
Mikik1	Tsakhur	Mikik	Rutul	the_spade_	1	15
Mikik2	Tsakhur	Mikik	Rutul	the_spade_	1	15
Khlut3	Lezgian	Khlyut	Rutul	the_thief	1	6
Mikik1	Tsakhur	Mikik	Rutul	the_thread	1	1
Mikik2	Tsakhur	Mikik	Rutul	the_thread	1	1
Helmets1	Tsakhur	Gelmets	Rutul	the_tongs	1	6
Helmets2	Tsakhur	Gelmets	Rutul	the_tongs	1	6
Helmets3	Tsakhur	Gelmets	Rutul	the_tongs	1	6
Ikhrek1	Rutul	Ikhrek	Rutul	the_tongs	1	6
Ikhrek3	Rutul	Ikhrek	Rutul	the_tongs	1	6
Kina1	Rutul	Kina	Rutul	the_tongs	1	6
Kina2	Rutul	Kina	Rutul	the_tongs	1	6
Kina3	Rutul	Kina	Rutul	the_tongs	1	6
Mikik1	Tsakhur	Mikik	Rutul	the_tongs	1	6
Mikik2	Tsakhur	Mikik	Rutul	the_tongs	1	6
Rutul1	Rutul	Rutul	Rutul	the_tongs	1	6
Kusur1	Avar	Kusur	Rutul	the_tongs	1	6
Khlut4	Lezgian	Khlyut	Rutul	the_turnip	1	2
Helmets1	Tsakhur	Gelmets	Rutul	the_turnip	1	6
Helmets2	Tsakhur	Gelmets	Rutul	the_turnip	1	6
Khlut4	Lezgian	Khlyut	Rutul	the_turnip	1	6
Helmets1	Tsakhur	Gelmets	Rutul	the_voice	1	5
Helmets2	Tsakhur	Gelmets	Rutul	the_voice	1	5
Helmets3	Tsakhur	Gelmets	Rutul	the_voice	1	5
Ikhrek1	Rutul	Ikhrek	Rutul	the_voice	1	5
Ikhrek2	Rutul	Ikhrek	Rutul	the_voice	1	5
Ikhrek3	Rutul	Ikhrek	Rutul	the_voice	1	5
Ikhrek4	Rutul	Ikhrek	Rutul	the_voice	1	5
Khlut1	Lezgian	Khlyut	Rutul	the_voice	1	5
Khlut2	Lezgian	Khlyut	Rutul	the_voice	1	5
Khlut3	Lezgian	Khlyut	Rutul	the_voice	1	5
Khlut4	Lezgian	Khlyut	Rutul	the_voice	1	5
Khlut5	Lezgian	Khlyut	Rutul	the_voice	1	5
Kiche1	Rutul	Kiche	Rutul	the_voice	1	5
Kiche2	Rutul	Kiche	Rutul	the_voice	1	5
Kina1	Rutul	Kina	Rutul	the_voice	1	5
Kina2	Rutul	Kina	Rutul	the_voice	1	5
Kina3	Rutul	Kina	Rutul	the_voice	1	5
Mikik1	Tsakhur	Mikik	Rutul	the_voice	1	5
Mikik2	Tsakhur	Mikik	Rutul	the_voice	1	5
Rutul1	Rutul	Rutul	Rutul	the_voice	1	5
Kusur1	Avar	Kusur	Rutul	the_voice	1	5
Mikik1	Tsakhur	Mikik	Rutul	the_wall	1	1
Helmets1	Tsakhur	Gelmets	Rutul	the_wall	1	3
Helmets2	Tsakhur	Gelmets	Rutul	the_wall	1	3
Helmets3	Tsakhur	Gelmets	Rutul	the_wall	1	3
Mikik1	Tsakhur	Mikik	Rutul	the_wall	1	3
Mikik2	Tsakhur	Mikik	Rutul	the_wall	1	3
Bezhta1	Bezhta	Bezhta	Tsunta	the_watermelon	1	3
Helmets1	Tsakhur	Gelmets	Rutul	the_watermelon	1	3
Helmets2	Tsakhur	Gelmets	Rutul	the_watermelon	1	3
Helmets3	Tsakhur	Gelmets	Rutul	the_watermelon	1	3
Ikhrek1	Rutul	Ikhrek	Rutul	the_watermelon	1	3
Ikhrek2	Rutul	Ikhrek	Rutul	the_watermelon	1	3
Ikhrek3	Rutul	Ikhrek	Rutul	the_watermelon	1	3
Ikhrek4	Rutul	Ikhrek	Rutul	the_watermelon	1	3
Khlut1	Lezgian	Khlyut	Rutul	the_watermelon	1	3
Khlut2	Lezgian	Khlyut	Rutul	the_watermelon	1	3
Khlut3	Lezgian	Khlyut	Rutul	the_watermelon	1	3
Khlut4	Lezgian	Khlyut	Rutul	the_watermelon	1	3
Khlut5	Lezgian	Khlyut	Rutul	the_watermelon	1	3
Kiche1	Rutul	Kiche	Rutul	the_watermelon	1	3
Kiche2	Rutul	Kiche	Rutul	the_watermelon	1	3
Kidero2	Tsez	Kidero	Tsunta	the_watermelon	1	3
Kidero3	Tsez	Kidero	Tsunta	the_watermelon	1	3
Kina1	Rutul	Kina	Rutul	the_watermelon	1	3
Kina2	Rutul	Kina	Rutul	the_watermelon	1	3
Kina3	Rutul	Kina	Rutul	the_watermelon	1	3
Mikik1	Tsakhur	Mikik	Rutul	the_watermelon	1	3
Mikik2	Tsakhur	Mikik	Rutul	the_watermelon	1	3
Rikvani1	Andi	Rikvani	Botlikh	the_watermelon	1	3
Rutul1	Rutul	Rutul	Rutul	the_watermelon	1	3
Tad-Magitl2	Akhvakh	Tad-Magitl	Akhvakh	the_watermelon	1	3
Zilo1	Andi	Zilo	Botlikh	the_watermelon	1	3
Zilo2	Andi	Zilo	Botlikh	the_watermelon	1	3
Tlibisho1	Bagvalal	Tlibisho	Akhvakh	the_watermelon	1	3
Tlibisho2	Bagvalal	Tlibisho	Akhvakh	the_watermelon	1	3
Tlibisho3	Bagvalal	Tlibisho	Akhvakh	the_watermelon	1	3
Tlibisho4	Bagvalal	Tlibisho	Akhvakh	the_watermelon	1	3
Kusur1	Avar	Kusur	Rutul	the_watermelon	1	3
Khlut1	Lezgian	Khlyut	Rutul	the_wedding	1	8
Khlut2	Lezgian	Khlyut	Rutul	the_wedding	1	8
Khlut4	Lezgian	Khlyut	Rutul	the_wedding	1	8
Khlut1	Lezgian	Khlyut	Rutul	the_wheel	1	1
Khlut2	Lezgian	Khlyut	Rutul	the_wheel	1	1
Khlut3	Lezgian	Khlyut	Rutul	the_wheel	1	1
Khlut4	Lezgian	Khlyut	Rutul	the_wheel	1	1
Khlut5	Lezgian	Khlyut	Rutul	the_wheel	1	1
Kiche1	Rutul	Kiche	Rutul	the_wheel	1	1
Kiche2	Rutul	Kiche	Rutul	the_wheel	1	1
Rutul1	Rutul	Rutul	Rutul	the_wheel	1	1
Helmets1	Tsakhur	Gelmets	Rutul	the_wine	1	3
Helmets2	Tsakhur	Gelmets	Rutul	the_wine	1	3
Helmets3	Tsakhur	Gelmets	Rutul	the_wine	1	3
Ikhrek1	Rutul	Ikhrek	Rutul	the_wine	1	3
Ikhrek2	Rutul	Ikhrek	Rutul	the_wine	1	3
Ikhrek3	Rutul	Ikhrek	Rutul	the_wine	1	3
Ikhrek4	Rutul	Ikhrek	Rutul	the_wine	1	3
Karata3	Karata	Karata	Akhvakh	the_wine	1	3
Khlut1	Lezgian	Khlyut	Rutul	the_wine	1	3
Khlut2	Lezgian	Khlyut	Rutul	the_wine	1	3
Khlut3	Lezgian	Khlyut	Rutul	the_wine	1	3
Khlut4	Lezgian	Khlyut	Rutul	the_wine	1	3
Khlut5	Lezgian	Khlyut	Rutul	the_wine	1	3
Kiche1	Rutul	Kiche	Rutul	the_wine	1	3
Kiche2	Rutul	Kiche	Rutul	the_wine	1	3
Kidero2	Tsez	Kidero	Tsunta	the_wine	1	3
Kidero3	Tsez	Kidero	Tsunta	the_wine	1	3
Kina1	Rutul	Kina	Rutul	the_wine	1	3
Kina2	Rutul	Kina	Rutul	the_wine	1	3
Kina3	Rutul	Kina	Rutul	the_wine	1	3
Mikik1	Tsakhur	Mikik	Rutul	the_wine	1	3
Mikik2	Tsakhur	Mikik	Rutul	the_wine	1	3
Rikvani1	Andi	Rikvani	Botlikh	the_wine	1	3
Rutul1	Rutul	Rutul	Rutul	the_wine	1	3
Zilo2	Andi	Zilo	Botlikh	the_wine	1	3
Tlibisho3	Bagvalal	Tlibisho	Akhvakh	the_wine	1	3
Kusur1	Avar	Kusur	Rutul	the_wine	1	3
Zilo1	Andi	Zilo	Botlikh	the_wine	1	7
Helmets1	Tsakhur	Gelmets	Rutul	the_wolf	1	2
Helmets2	Tsakhur	Gelmets	Rutul	the_wolf	1	2
Helmets3	Tsakhur	Gelmets	Rutul	the_wolf	1	2
Khlut1	Lezgian	Khlyut	Rutul	the_wolf	1	2
Khlut2	Lezgian	Khlyut	Rutul	the_wolf	1	2
Khlut3	Lezgian	Khlyut	Rutul	the_wolf	1	2
Khlut4	Lezgian	Khlyut	Rutul	the_wolf	1	2
Khlut5	Lezgian	Khlyut	Rutul	the_wolf	1	2
Mikik1	Tsakhur	Mikik	Rutul	the_wolf	1	2
Mikik2	Tsakhur	Mikik	Rutul	the_wolf	1	2
Helmets1	Tsakhur	Gelmets	Rutul	the_work	1	4
Helmets2	Tsakhur	Gelmets	Rutul	the_work	1	4
Helmets3	Tsakhur	Gelmets	Rutul	the_work	1	4
Mikik1	Tsakhur	Mikik	Rutul	the_work	1	4
Mikik2	Tsakhur	Mikik	Rutul	the_work	1	4
Karata1	Karata	Karata	Akhvakh	the_arch	1	3
Karata2	Karata	Karata	Akhvakh	the_arch	1	3
Karata3	Karata	Karata	Akhvakh	the_arch	1	3
Kidero2	Tsez	Kidero	Tsunta	the_arch	1	3
Kidero3	Tsez	Kidero	Tsunta	the_arch	1	3
Rikvani1	Andi	Rikvani	Botlikh	the_arch	1	3
Tad-Magitl2	Akhvakh	Tad-Magitl	Akhvakh	the_arch	1	3
Zilo1	Andi	Zilo	Botlikh	the_arch	1	3
Zilo2	Andi	Zilo	Botlikh	the_arch	1	3
Tlibisho1	Bagvalal	Tlibisho	Akhvakh	the_arch	1	3
Tlibisho2	Bagvalal	Tlibisho	Akhvakh	the_arch	1	3
Tlibisho3	Bagvalal	Tlibisho	Akhvakh	the_arch	1	3
Rikvani1	Andi	Rikvani	Botlikh	the_ball_	1	13
Tukita1	Karata	Tukita	Akhvakh	the_ball_	1	13
Zilo1	Andi	Zilo	Botlikh	the_ball_	1	13
Zilo2	Andi	Zilo	Botlikh	the_ball_	1	13
Tlibisho2	Bagvalal	Tlibisho	Akhvakh	the_barrel_	1	22
Tlibisho3	Bagvalal	Tlibisho	Akhvakh	the_barrel_	1	22
Tlibisho4	Bagvalal	Tlibisho	Akhvakh	the_barrel_	1	22
Tukita1	Karata	Tukita	Akhvakh	the_beak_	1	13
Kidero1	Tsez	Kidero	Tsunta	the_beeswax_	1	18
Kidero3	Tsez	Kidero	Tsunta	the_beeswax_	1	18
Tukita1	Karata	Tukita	Akhvakh	the_beeswax_	1	18
Ikhrek2	Rutul	Ikhrek	Rutul	the_belt_	1	30
Ikhrek3	Rutul	Ikhrek	Rutul	the_belt_	1	30
Khlut1	Lezgian	Khlyut	Rutul	the_belt_	1	30
Khlut2	Lezgian	Khlyut	Rutul	the_belt_	1	30
Khlut4	Lezgian	Khlyut	Rutul	the_belt_	1	30
Khlut5	Lezgian	Khlyut	Rutul	the_belt_	1	30
Kiche1	Rutul	Kiche	Rutul	the_belt_	1	30
Kiche2	Rutul	Kiche	Rutul	the_belt_	1	30
Kina1	Rutul	Kina	Rutul	the_belt_	1	30
Kina2	Rutul	Kina	Rutul	the_belt_	1	30
Kina3	Rutul	Kina	Rutul	the_belt_	1	30
Rutul1	Rutul	Rutul	Rutul	the_belt_	1	30
Karata1	Karata	Karata	Akhvakh	the_blister_	1	28
Karata2	Karata	Karata	Akhvakh	the_blister_	1	28
Karata3	Karata	Karata	Akhvakh	the_blister_	1	28
Karata4	Karata	Karata	Akhvakh	the_blister_	1	28
Tad-Magitl1	Akhvakh	Tad-Magitl	Akhvakh	the_boar_	1	12
Tad-Magitl2	Akhvakh	Tad-Magitl	Akhvakh	the_boar_	1	12
Tlibisho1	Bagvalal	Tlibisho	Akhvakh	the_boar_	1	12
Tlibisho3	Bagvalal	Tlibisho	Akhvakh	the_boar_	1	12
Tlibisho4	Bagvalal	Tlibisho	Akhvakh	the_boar_	1	12
Karata2	Karata	Karata	Akhvakh	the_body	1	3
Bezhta1	Bezhta	Bezhta	Tsunta	the_boundary_	1	14
Kidero1	Tsez	Kidero	Tsunta	the_boundary_	1	14
Kidero2	Tsez	Kidero	Tsunta	the_boundary_	1	14
Kidero3	Tsez	Kidero	Tsunta	the_boundary_	1	14
Tad-Magitl1	Akhvakh	Tad-Magitl	Akhvakh	the_boundary_	1	14
Tad-Magitl2	Akhvakh	Tad-Magitl	Akhvakh	the_boundary_	1	14
Tukita1	Karata	Tukita	Akhvakh	the_boundary_	1	14
Tlibisho1	Bagvalal	Tlibisho	Akhvakh	the_boundary_	1	14
Tlibisho2	Bagvalal	Tlibisho	Akhvakh	the_boundary_	1	14
Tlibisho3	Bagvalal	Tlibisho	Akhvakh	the_boundary_	1	14
Tlibisho4	Bagvalal	Tlibisho	Akhvakh	the_boundary_	1	14
Bezhta1	Bezhta	Bezhta	Tsunta	the_carrot_	1	17
Karata1	Karata	Karata	Akhvakh	the_carrot_	1	17
Karata2	Karata	Karata	Akhvakh	the_carrot_	1	17
Karata3	Karata	Karata	Akhvakh	the_carrot_	1	17
Karata4	Karata	Karata	Akhvakh	the_carrot_	1	17
Kidero2	Tsez	Kidero	Tsunta	the_carrot_	1	17
Tukita1	Karata	Tukita	Akhvakh	the_carrot_	1	17
Zilo1	Andi	Zilo	Botlikh	the_carrot_	1	17
Zilo2	Andi	Zilo	Botlikh	the_carrot_	1	17
Tlibisho1	Bagvalal	Tlibisho	Akhvakh	the_carrot_	1	17
Tlibisho3	Bagvalal	Tlibisho	Akhvakh	the_carrot_	1	17
Tlibisho4	Bagvalal	Tlibisho	Akhvakh	the_carrot_	1	17
Karata1	Karata	Karata	Akhvakh	the_chain	1	5
Karata2	Karata	Karata	Akhvakh	the_chain	1	5
Karata3	Karata	Karata	Akhvakh	the_chain	1	5
Karata4	Karata	Karata	Akhvakh	the_chain	1	5
Rikvani1	Andi	Rikvani	Botlikh	the_chain	1	5
Tad-Magitl1	Akhvakh	Tad-Magitl	Akhvakh	the_chain	1	5
Tad-Magitl2	Akhvakh	Tad-Magitl	Akhvakh	the_chain	1	5
Tukita1	Karata	Tukita	Akhvakh	the_chain	1	5
Zilo1	Andi	Zilo	Botlikh	the_chain	1	5
Zilo2	Andi	Zilo	Botlikh	the_chain	1	5
Tlibisho1	Bagvalal	Tlibisho	Akhvakh	the_chain	1	5
Tlibisho2	Bagvalal	Tlibisho	Akhvakh	the_chain	1	5
Tlibisho3	Bagvalal	Tlibisho	Akhvakh	the_chain	1	5
Tlibisho4	Bagvalal	Tlibisho	Akhvakh	the_chain	1	5
Bezhta1	Bezhta	Bezhta	Tsunta	the_colour.color_	1	11
Karata1	Karata	Karata	Akhvakh	the_colour.color_	1	11
Karata2	Karata	Karata	Akhvakh	the_colour.color_	1	11
Karata3	Karata	Karata	Akhvakh	the_colour.color_	1	11
Karata4	Karata	Karata	Akhvakh	the_colour.color_	1	11
Kidero1	Tsez	Kidero	Tsunta	the_colour.color_	1	11
Kidero2	Tsez	Kidero	Tsunta	the_colour.color_	1	11
Kidero3	Tsez	Kidero	Tsunta	the_colour.color_	1	11
Tad-Magitl1	Akhvakh	Tad-Magitl	Akhvakh	the_colour.color_	1	11
Tad-Magitl2	Akhvakh	Tad-Magitl	Akhvakh	the_colour.color_	1	11
Tukita1	Karata	Tukita	Akhvakh	the_colour.color_	1	11
Tlibisho2	Bagvalal	Tlibisho	Akhvakh	the_colour.color_	1	11
Tlibisho3	Bagvalal	Tlibisho	Akhvakh	the_colour.color_	1	11
Tlibisho4	Bagvalal	Tlibisho	Akhvakh	the_colour.color_	1	11
Bezhta1	Bezhta	Bezhta	Tsunta	the_debt	1	7
Karata1	Karata	Karata	Akhvakh	the_debt	1	7
Karata2	Karata	Karata	Akhvakh	the_debt	1	7
Kidero1	Tsez	Kidero	Tsunta	the_debt	1	7
Kidero2	Tsez	Kidero	Tsunta	the_debt	1	7
Tlibisho2	Bagvalal	Tlibisho	Akhvakh	the_debt	1	7
Tlibisho3	Bagvalal	Tlibisho	Akhvakh	the_debt	1	7
Tlibisho4	Bagvalal	Tlibisho	Akhvakh	the_debt	1	7
Karata1	Karata	Karata	Akhvakh	the_debt_	1	10
Karata2	Karata	Karata	Akhvakh	the_debt_	1	10
Karata3	Karata	Karata	Akhvakh	the_debt_	1	10
Karata4	Karata	Karata	Akhvakh	the_debt_	1	10
Tlibisho1	Bagvalal	Tlibisho	Akhvakh	the_debt_	1	10
Tlibisho3	Bagvalal	Tlibisho	Akhvakh	the_debt_	1	10
Tlibisho4	Bagvalal	Tlibisho	Akhvakh	the_debt_	1	10
Kidero1	Tsez	Kidero	Tsunta	the_fairy_tale_	1	15
Kidero2	Tsez	Kidero	Tsunta	the_fairy_tale_	1	15
Kidero3	Tsez	Kidero	Tsunta	the_fairy_tale_	1	15
Tukita1	Karata	Tukita	Akhvakh	the_fairy_tale_	1	15
Tlibisho1	Bagvalal	Tlibisho	Akhvakh	the_fairy_tale_	1	15
Tlibisho2	Bagvalal	Tlibisho	Akhvakh	the_fairy_tale_	1	15
Tlibisho3	Bagvalal	Tlibisho	Akhvakh	the_fairy_tale_	1	15
Tlibisho4	Bagvalal	Tlibisho	Akhvakh	the_fairy_tale_	1	15
Kidero3	Tsez	Kidero	Tsunta	the_felt_	1	13
Karata1	Karata	Karata	Akhvakh	the_fish_	1	18
Karata2	Karata	Karata	Akhvakh	the_fish_	1	18
Karata3	Karata	Karata	Akhvakh	the_fish_	1	18
Karata4	Karata	Karata	Akhvakh	the_fish_	1	18
Rikvani1	Andi	Rikvani	Botlikh	the_fish_	1	18
Tad-Magitl1	Akhvakh	Tad-Magitl	Akhvakh	the_fish_	1	18
Tad-Magitl2	Akhvakh	Tad-Magitl	Akhvakh	the_fish_	1	18
Tukita1	Karata	Tukita	Akhvakh	the_fish_	1	18
Tad-Magitl1	Akhvakh	Tad-Magitl	Akhvakh	the_footprint_	1	25
Tlibisho1	Bagvalal	Tlibisho	Akhvakh	the_footprint_	1	25
Tlibisho3	Bagvalal	Tlibisho	Akhvakh	the_footprint_	1	25
Tlibisho4	Bagvalal	Tlibisho	Akhvakh	the_fork_	1	11
Rutul1	Rutul	Rutul	Rutul	the_glass_	1	12
Tukita1	Karata	Tukita	Akhvakh	the_glass_	1	12
Karata1	Karata	Karata	Akhvakh	the_lightning_	1	18
Karata2	Karata	Karata	Akhvakh	the_lightning_	1	18
Karata3	Karata	Karata	Akhvakh	the_lightning_	1	18
Karata4	Karata	Karata	Akhvakh	the_lightning_	1	18
Tad-Magitl2	Akhvakh	Tad-Magitl	Akhvakh	the_lightning_	1	18
Tukita1	Karata	Tukita	Akhvakh	the_lightning_	1	18
Zilo1	Andi	Zilo	Botlikh	the_lightning_	1	18
Zilo2	Andi	Zilo	Botlikh	the_lightning_	1	18
Karata1	Karata	Karata	Akhvakh	the_lion	1	4
Karata2	Karata	Karata	Akhvakh	the_lion	1	4
Karata3	Karata	Karata	Akhvakh	the_lion	1	4
Karata4	Karata	Karata	Akhvakh	the_lion	1	4
Rikvani1	Andi	Rikvani	Botlikh	the_lion	1	4
Tad-Magitl1	Akhvakh	Tad-Magitl	Akhvakh	the_lion	1	4
Tad-Magitl2	Akhvakh	Tad-Magitl	Akhvakh	the_lion	1	4
Tukita1	Karata	Tukita	Akhvakh	the_lion	1	4
Zilo1	Andi	Zilo	Botlikh	the_lion	1	4
Zilo2	Andi	Zilo	Botlikh	the_lion	1	4
Tlibisho1	Bagvalal	Tlibisho	Akhvakh	the_lion	1	4
Tlibisho2	Bagvalal	Tlibisho	Akhvakh	the_lion	1	4
Tlibisho3	Bagvalal	Tlibisho	Akhvakh	the_lion	1	4
Tlibisho4	Bagvalal	Tlibisho	Akhvakh	the_lion	1	4
Karata1	Karata	Karata	Akhvakh	the_mirror_	1	16
Karata2	Karata	Karata	Akhvakh	the_mirror_	1	16
Karata3	Karata	Karata	Akhvakh	the_mirror_	1	16
Karata4	Karata	Karata	Akhvakh	the_mirror_	1	16
Tad-Magitl1	Akhvakh	Tad-Magitl	Akhvakh	the_mirror_	1	16
Tad-Magitl2	Akhvakh	Tad-Magitl	Akhvakh	the_mirror_	1	16
Tukita1	Karata	Tukita	Akhvakh	the_mirror_	1	16
Zilo1	Andi	Zilo	Botlikh	the_mirror_	1	16
Zilo2	Andi	Zilo	Botlikh	the_mirror_	1	16
Tlibisho1	Bagvalal	Tlibisho	Akhvakh	the_mirror_	1	16
Tlibisho2	Bagvalal	Tlibisho	Akhvakh	the_mirror_	1	16
Tlibisho3	Bagvalal	Tlibisho	Akhvakh	the_mirror_	1	16
Tlibisho4	Bagvalal	Tlibisho	Akhvakh	the_mirror_	1	16
Karata1	Karata	Karata	Akhvakh	the_mortar.2.	1	8
Karata2	Karata	Karata	Akhvakh	the_mortar.2.	1	8
Karata3	Karata	Karata	Akhvakh	the_mortar.2.	1	8
Karata4	Karata	Karata	Akhvakh	the_mortar.2.	1	8
Kidero2	Tsez	Kidero	Tsunta	the_mortar.2.	1	8
Kidero3	Tsez	Kidero	Tsunta	the_mortar.2.	1	8
Rikvani1	Andi	Rikvani	Botlikh	the_mortar.2.	1	8
Tukita1	Karata	Tukita	Akhvakh	the_mortar.2.	1	8
Zilo1	Andi	Zilo	Botlikh	the_mortar.2.	1	8
Zilo2	Andi	Zilo	Botlikh	the_mortar.2.	1	8
Tlibisho1	Bagvalal	Tlibisho	Akhvakh	the_mortar.2.	1	8
Tlibisho2	Bagvalal	Tlibisho	Akhvakh	the_mortar.2.	1	8
Tlibisho3	Bagvalal	Tlibisho	Akhvakh	the_mortar.2.	1	8
Tlibisho4	Bagvalal	Tlibisho	Akhvakh	the_mortar.2.	1	8
Tad-Magitl1	Akhvakh	Tad-Magitl	Akhvakh	the_mushroom_	1	12
Tukita1	Karata	Tukita	Akhvakh	the_mushroom_	1	12
Tlibisho2	Bagvalal	Tlibisho	Akhvakh	the_mushroom_	1	12
Tlibisho3	Bagvalal	Tlibisho	Akhvakh	the_mushroom_	1	12
Kusur1	Avar	Kusur	Rutul	the_needle.1._	1	24
Bezhta1	Bezhta	Bezhta	Tsunta	the_neighbour	1	2
Karata1	Karata	Karata	Akhvakh	the_neighbour	1	2
Karata2	Karata	Karata	Akhvakh	the_neighbour	1	2
Karata3	Karata	Karata	Akhvakh	the_neighbour	1	2
Karata4	Karata	Karata	Akhvakh	the_neighbour	1	2
Kidero1	Tsez	Kidero	Tsunta	the_neighbour	1	2
Kidero2	Tsez	Kidero	Tsunta	the_neighbour	1	2
Kidero3	Tsez	Kidero	Tsunta	the_neighbour	1	2
Tukita1	Karata	Tukita	Akhvakh	the_neighbour	1	2
Zilo1	Andi	Zilo	Botlikh	the_neighbour	1	2
Zilo2	Andi	Zilo	Botlikh	the_neighbour	1	2
Tlibisho1	Bagvalal	Tlibisho	Akhvakh	the_neighbour	1	2
Tlibisho2	Bagvalal	Tlibisho	Akhvakh	the_neighbour	1	2
Tlibisho3	Bagvalal	Tlibisho	Akhvakh	the_neighbour	1	2
Tlibisho4	Bagvalal	Tlibisho	Akhvakh	the_neighbour	1	2
Bezhta1	Bezhta	Bezhta	Tsunta	the_orphan	1	2
Kidero1	Tsez	Kidero	Tsunta	the_orphan	1	2
Kidero2	Tsez	Kidero	Tsunta	the_orphan	1	2
Kidero3	Tsez	Kidero	Tsunta	the_orphan	1	2
Tukita1	Karata	Tukita	Akhvakh	the_orphan	1	2
Tlibisho3	Bagvalal	Tlibisho	Akhvakh	the_orphan	1	2
Tlibisho4	Bagvalal	Tlibisho	Akhvakh	the_orphan	1	2
Bezhta1	Bezhta	Bezhta	Tsunta	the_owl	1	8
Karata1	Karata	Karata	Akhvakh	the_owl	1	8
Karata2	Karata	Karata	Akhvakh	the_owl	1	8
Tad-Magitl1	Akhvakh	Tad-Magitl	Akhvakh	the_owl	1	8
Tad-Magitl2	Akhvakh	Tad-Magitl	Akhvakh	the_owl	1	8
Tukita1	Karata	Tukita	Akhvakh	the_owl	1	8
Tlibisho1	Bagvalal	Tlibisho	Akhvakh	the_owl	1	8
Tlibisho2	Bagvalal	Tlibisho	Akhvakh	the_owl	1	8
Tlibisho3	Bagvalal	Tlibisho	Akhvakh	the_owl	1	8
Tlibisho4	Bagvalal	Tlibisho	Akhvakh	the_owl	1	8
Karata1	Karata	Karata	Akhvakh	the_paint_	1	12
Karata3	Karata	Karata	Akhvakh	the_paint_	1	12
Tad-Magitl1	Akhvakh	Tad-Magitl	Akhvakh	the_paint_	1	12
Tukita1	Karata	Tukita	Akhvakh	the_paint_	1	12
Zilo1	Andi	Zilo	Botlikh	the_paint_	1	12
Tlibisho1	Bagvalal	Tlibisho	Akhvakh	the_paint_	1	12
Tlibisho2	Bagvalal	Tlibisho	Akhvakh	the_paint_	1	12
Karata4	Karata	Karata	Akhvakh	the_paint_	1	14
Ikhrek1	Rutul	Ikhrek	Rutul	the_paper	1	3
Ikhrek2	Rutul	Ikhrek	Rutul	the_paper	1	3
Ikhrek3	Rutul	Ikhrek	Rutul	the_paper	1	3
Ikhrek4	Rutul	Ikhrek	Rutul	the_paper	1	3
Karata1	Karata	Karata	Akhvakh	the_paper	1	3
Karata2	Karata	Karata	Akhvakh	the_paper	1	3
Karata3	Karata	Karata	Akhvakh	the_paper	1	3
Karata4	Karata	Karata	Akhvakh	the_paper	1	3
Kiche1	Rutul	Kiche	Rutul	the_paper	1	3
Kiche2	Rutul	Kiche	Rutul	the_paper	1	3
Kidero1	Tsez	Kidero	Tsunta	the_paper	1	3
Kidero2	Tsez	Kidero	Tsunta	the_paper	1	3
Kidero3	Tsez	Kidero	Tsunta	the_paper	1	3
Kina1	Rutul	Kina	Rutul	the_paper	1	3
Kina2	Rutul	Kina	Rutul	the_paper	1	3
Kina3	Rutul	Kina	Rutul	the_paper	1	3
Rikvani1	Andi	Rikvani	Botlikh	the_paper	1	3
Rutul1	Rutul	Rutul	Rutul	the_paper	1	3
Tukita1	Karata	Tukita	Akhvakh	the_paper	1	3
Zilo1	Andi	Zilo	Botlikh	the_paper	1	3
Zilo2	Andi	Zilo	Botlikh	the_paper	1	3
Kusur1	Avar	Kusur	Rutul	the_paper	1	3
Karata1	Karata	Karata	Akhvakh	the_pocket	1	7
Karata2	Karata	Karata	Akhvakh	the_pocket	1	7
Karata3	Karata	Karata	Akhvakh	the_pocket	1	7
Tukita1	Karata	Tukita	Akhvakh	the_pocket	1	7
Tad-Magitl2	Akhvakh	Tad-Magitl	Akhvakh	the_reindeer.caribou_	1	17
Tukita1	Karata	Tukita	Akhvakh	the_reindeer.caribou_	1	17
Zilo1	Andi	Zilo	Botlikh	the_reindeer.caribou_	1	17
Zilo2	Andi	Zilo	Botlikh	the_reindeer.caribou_	1	17
Tlibisho3	Bagvalal	Tlibisho	Akhvakh	the_reindeer.caribou_	1	17
Tlibisho4	Bagvalal	Tlibisho	Akhvakh	the_reindeer.caribou_	1	17
Karata1	Karata	Karata	Akhvakh	the_rope_	1	20
Karata2	Karata	Karata	Akhvakh	the_rope_	1	20
Karata3	Karata	Karata	Akhvakh	the_rope_	1	20
Karata4	Karata	Karata	Akhvakh	the_rope_	1	20
Tad-Magitl2	Akhvakh	Tad-Magitl	Akhvakh	the_rope_	1	20
Tukita1	Karata	Tukita	Akhvakh	the_rope_	1	20
Tlibisho1	Bagvalal	Tlibisho	Akhvakh	the_rope_	1	20
Tlibisho2	Bagvalal	Tlibisho	Akhvakh	the_rope_	1	20
Tlibisho3	Bagvalal	Tlibisho	Akhvakh	the_rope_	1	20
Tlibisho4	Bagvalal	Tlibisho	Akhvakh	the_rope_	1	20
Karata1	Karata	Karata	Akhvakh	the_rust	1	7
Karata3	Karata	Karata	Akhvakh	the_rust	1	7
Karata4	Karata	Karata	Akhvakh	the_rust	1	7
Tad-Magitl1	Akhvakh	Tad-Magitl	Akhvakh	the_rust	1	7
Tad-Magitl2	Akhvakh	Tad-Magitl	Akhvakh	the_rust	1	7
Zilo1	Andi	Zilo	Botlikh	the_rust	1	7
Zilo2	Andi	Zilo	Botlikh	the_rust	1	7
Tad-Magitl1	Akhvakh	Tad-Magitl	Akhvakh	the_sand_	1	14
Tukita1	Karata	Tukita	Akhvakh	the_sand_	1	14
Tad-Magitl1	Akhvakh	Tad-Magitl	Akhvakh	the_saw_	1	19
Tad-Magitl2	Akhvakh	Tad-Magitl	Akhvakh	the_saw_	1	19
Tukita1	Karata	Tukita	Akhvakh	the_saw_	1	19
Zilo1	Andi	Zilo	Botlikh	the_saw_	1	19
Zilo2	Andi	Zilo	Botlikh	the_saw_	1	19
Tad-Magitl1	Akhvakh	Tad-Magitl	Akhvakh	the_sickle_	1	25
Tad-Magitl2	Akhvakh	Tad-Magitl	Akhvakh	the_sickle_	1	25
Tukita1	Karata	Tukita	Akhvakh	the_sickle_	1	25
Karata1	Karata	Karata	Akhvakh	the_slave	1	4
Karata2	Karata	Karata	Akhvakh	the_slave	1	4
Karata3	Karata	Karata	Akhvakh	the_slave	1	4
Karata4	Karata	Karata	Akhvakh	the_slave	1	4
Kidero1	Tsez	Kidero	Tsunta	the_slave	1	4
Tad-Magitl1	Akhvakh	Tad-Magitl	Akhvakh	the_slave	1	4
Tukita1	Karata	Tukita	Akhvakh	the_slave	1	4
Zilo1	Andi	Zilo	Botlikh	the_slave	1	4
Tlibisho4	Bagvalal	Tlibisho	Akhvakh	the_slave	1	4
Karata3	Karata	Karata	Akhvakh	the_thread_	1	14
Tad-Magitl1	Akhvakh	Tad-Magitl	Akhvakh	the_thread_	1	14
Tad-Magitl2	Akhvakh	Tad-Magitl	Akhvakh	the_thread_	1	14
Tukita1	Karata	Tukita	Akhvakh	the_thread_	1	14
Tlibisho1	Bagvalal	Tlibisho	Akhvakh	the_thread_	1	14
Tlibisho3	Bagvalal	Tlibisho	Akhvakh	the_thread_	1	14
Tlibisho4	Bagvalal	Tlibisho	Akhvakh	the_thread_	1	14
Kusur1	Avar	Kusur	Rutul	the_thread_	1	14
Karata1	Karata	Karata	Akhvakh	the_tongs_	1	10
Karata2	Karata	Karata	Akhvakh	the_tongs_	1	10
Karata3	Karata	Karata	Akhvakh	the_tongs_	1	10
Karata4	Karata	Karata	Akhvakh	the_tongs_	1	10
Tad-Magitl1	Akhvakh	Tad-Magitl	Akhvakh	the_tongs_	1	10
Tukita1	Karata	Tukita	Akhvakh	the_tongs_	1	10
Tlibisho1	Bagvalal	Tlibisho	Akhvakh	the_tongs_	1	10
Tlibisho2	Bagvalal	Tlibisho	Akhvakh	the_tongs_	1	10
Tlibisho3	Bagvalal	Tlibisho	Akhvakh	the_tongs_	1	10
Tlibisho4	Bagvalal	Tlibisho	Akhvakh	the_tongs_	1	10
Bezhta1	Bezhta	Bezhta	Tsunta	the_voice_	1	12
Kidero1	Tsez	Kidero	Tsunta	the_voice_	1	12
Kidero2	Tsez	Kidero	Tsunta	the_voice_	1	12
Kidero3	Tsez	Kidero	Tsunta	the_voice_	1	12
Kidero3	Tsez	Kidero	Tsunta	the_goose	1	1
Bezhta1	Bezhta	Bezhta	Tsunta	the_melon_	1	10
Bezhta1	Bezhta	Bezhta	Tsunta	the_mushroom	1	7
Kidero1	Tsez	Kidero	Tsunta	the_mushroom	1	7
Kidero2	Tsez	Kidero	Tsunta	the_mushroom	1	7
Kidero3	Tsez	Kidero	Tsunta	the_mushroom	1	7
Ikhrek1	Rutul	Ikhrek	Rutul	the_paper	1	3
Ikhrek2	Rutul	Ikhrek	Rutul	the_paper	1	3
Ikhrek3	Rutul	Ikhrek	Rutul	the_paper	1	3
Ikhrek4	Rutul	Ikhrek	Rutul	the_paper	1	3
Karata1	Karata	Karata	Akhvakh	the_paper	1	3
Karata2	Karata	Karata	Akhvakh	the_paper	1	3
Karata3	Karata	Karata	Akhvakh	the_paper	1	3
Karata4	Karata	Karata	Akhvakh	the_paper	1	3
Kiche1	Rutul	Kiche	Rutul	the_paper	1	3
Kiche2	Rutul	Kiche	Rutul	the_paper	1	3
Kidero1	Tsez	Kidero	Tsunta	the_paper	1	3
Kidero2	Tsez	Kidero	Tsunta	the_paper	1	3
Kidero3	Tsez	Kidero	Tsunta	the_paper	1	3
Kina1	Rutul	Kina	Rutul	the_paper	1	3
Kina2	Rutul	Kina	Rutul	the_paper	1	3
Kina3	Rutul	Kina	Rutul	the_paper	1	3
Rikvani1	Andi	Rikvani	Botlikh	the_paper	1	3
Rutul1	Rutul	Rutul	Rutul	the_paper	1	3
Tukita1	Karata	Tukita	Akhvakh	the_paper	1	3
Zilo1	Andi	Zilo	Botlikh	the_paper	1	3
Zilo2	Andi	Zilo	Botlikh	the_paper	1	3
Kusur1	Avar	Kusur	Rutul	the_paper	1	3
Bezhta1	Bezhta	Bezhta	Tsunta	the_spoon	1	4
Kidero1	Tsez	Kidero	Tsunta	the_spoon	1	4
Kidero2	Tsez	Kidero	Tsunta	the_spoon	1	4
Kidero3	Tsez	Kidero	Tsunta	the_spoon	1	4
Bezhta1	Bezhta	Bezhta	Tsunta	the_wine_	1	11
Tlibisho2	Bagvalal	Tlibisho	Akhvakh	the_barrel_	1	22
Tlibisho3	Bagvalal	Tlibisho	Akhvakh	the_barrel_	1	22
Tlibisho4	Bagvalal	Tlibisho	Akhvakh	the_barrel_	1	22
Kina2	Rutul	Kina	Rutul	the_felt_	1	11
Ikhrek1	Rutul	Ikhrek	Rutul	the_paper	1	3
Ikhrek2	Rutul	Ikhrek	Rutul	the_paper	1	3
Ikhrek3	Rutul	Ikhrek	Rutul	the_paper	1	3
Ikhrek4	Rutul	Ikhrek	Rutul	the_paper	1	3
Karata1	Karata	Karata	Akhvakh	the_paper	1	3
Karata2	Karata	Karata	Akhvakh	the_paper	1	3
Karata3	Karata	Karata	Akhvakh	the_paper	1	3
Karata4	Karata	Karata	Akhvakh	the_paper	1	3
Kiche1	Rutul	Kiche	Rutul	the_paper	1	3
Kiche2	Rutul	Kiche	Rutul	the_paper	1	3
Kidero1	Tsez	Kidero	Tsunta	the_paper	1	3
Kidero2	Tsez	Kidero	Tsunta	the_paper	1	3
Kidero3	Tsez	Kidero	Tsunta	the_paper	1	3
Kina1	Rutul	Kina	Rutul	the_paper	1	3
Kina2	Rutul	Kina	Rutul	the_paper	1	3
Kina3	Rutul	Kina	Rutul	the_paper	1	3
Rikvani1	Andi	Rikvani	Botlikh	the_paper	1	3
Rutul1	Rutul	Rutul	Rutul	the_paper	1	3
Tukita1	Karata	Tukita	Akhvakh	the_paper	1	3
Zilo1	Andi	Zilo	Botlikh	the_paper	1	3
Zilo2	Andi	Zilo	Botlikh	the_paper	1	3
Kusur1	Avar	Kusur	Rutul	the_paper	1	3
Kidero1	Tsez	Kidero	Tsunta	the_rope_	1	21
Kidero2	Tsez	Kidero	Tsunta	the_rope_	1	21
Kidero3	Tsez	Kidero	Tsunta	the_rope_	1	21
Karata1	Karata	Karata	Akhvakh	the_slave	1	4
Karata2	Karata	Karata	Akhvakh	the_slave	1	4
Karata3	Karata	Karata	Akhvakh	the_slave	1	4
Karata4	Karata	Karata	Akhvakh	the_slave	1	4
Kidero1	Tsez	Kidero	Tsunta	the_slave	1	4
Tad-Magitl1	Akhvakh	Tad-Magitl	Akhvakh	the_slave	1	4
Tukita1	Karata	Tukita	Akhvakh	the_slave	1	4
Zilo1	Andi	Zilo	Botlikh	the_slave	1	4
Tlibisho4	Bagvalal	Tlibisho	Akhvakh	the_slave	1	4
Tlibisho1	Bagvalal	Tlibisho	Akhvakh	the_wheel_	1	24
Tlibisho2	Bagvalal	Tlibisho	Akhvakh	the_wheel_	1	24
Tlibisho3	Bagvalal	Tlibisho	Akhvakh	the_wheel_	1	24
Tlibisho4	Bagvalal	Tlibisho	Akhvakh	the_wheel_	1	24
Tlibisho2	Bagvalal	Tlibisho	Akhvakh	the_wing_	1	18
Tlibisho3	Bagvalal	Tlibisho	Akhvakh	the_wing_	1	18
Tlibisho4	Bagvalal	Tlibisho	Akhvakh	the_wing_	1	18
